year,Afghanistan,Albania,Algeria,Andorra,Angola,Antigua and Barbuda,Argentina,Armenia,Aruba,Australia,Austria,Azerbaijan,The Bahamas,Bahrain,Bangladesh,Barbados,Belarus,Belgium,Belize,Benin,Bhutan,Bolivia,Bosnia and Herzegovina,Botswana,Brazil,Brunei Darussalam,Bulgaria,Burkina Faso,Burundi,Cabo Verde,Cambodia,Cameroon,Canada,Central African Republic,Chad,Chile,China,Colombia,Comoros,Democratic Republic of the Congo,Republic of Congo,Costa Rica,CÙte d'Ivoire,Croatia,Cyprus,Czech Republic,Denmark,Djibouti,Dominica,Dominican Republic,Ecuador,Egypt,El Salvador,Equatorial Guinea,Eritrea,Estonia,Eswatini,Ethiopia,Fiji,Finland,France,Gabon,The Gambia,Georgia,Germany,Ghana,Greece,Grenada,Guatemala,Guinea,Guinea-Bissau,Guyana,Haiti,Honduras,Hong Kong SAR,Hungary,Iceland,India,Indonesia,Islamic Republic of Iran,Iraq,Ireland,Israel,Italy,Jamaica,Japan,Jordan,Kazakhstan,Kenya,Kiribati,Korea,Kosovo,Kuwait,Kyrgyz Republic,Lao P.D.R.,Latvia,Lebanon,Lesotho,Liberia,Libya,Lithuania,Luxembourg,Macao SAR,Madagascar,Malawi,Malaysia,Maldives,Mali,Malta,Marshall Islands,Mauritania,Mauritius,Mexico,Micronesia,Moldova,Mongolia,Montenegro,Morocco,Mozambique,Myanmar,Namibia,Nauru,Nepal,Netherlands,New Zealand,Nicaragua,Niger,Nigeria,North Macedonia,Norway,Oman,Pakistan,Palau,Panama,Papua New Guinea,Paraguay,Peru,Philippines,Poland,Portugal,Puerto Rico,Qatar,Romania,Russia,Rwanda,Samoa,San Marino,S„o TomÈ and PrÌncipe,Saudi Arabia,Senegal,Serbia,Seychelles,Sierra Leone,Singapore,Slovak Republic,Slovenia,Solomon Islands,Somalia,South Africa,South Sudan,Spain,Sri Lanka,St. Kitts and Nevis,St. Lucia,St. Vincent and the Grenadines,Sudan,Suriname,Sweden,Switzerland,Syria,Taiwan Province of China,Tajikistan,Tanzania,Thailand,Timor-Leste,Togo,Tonga,Trinidad and Tobago,Tunisia,Turkey,Turkmenistan,Tuvalu,Uganda,Ukraine,United Arab Emirates,United Kingdom,United States,Uruguay,Uzbekistan,Vanuatu,Venezuela,Vietnam,West Bank and Gaza,Yemen,Zambia,Zimbabwe
1980,,"5,557.57","9,158.39",,"3,245.56","8,035.61","18,295.43",,,"26,449.79","31,351.34",,"34,019.28","44,999.95","1,358.24","13,206.74",,"29,535.23","3,020.73","2,564.60","1,343.09","6,029.03",,"4,525.19","11,391.52",,"14,268.84",977.191,911.284,"1,937.68",,"3,073.26","30,338.40","1,258.10",894.835,"8,483.29",673.541,"7,170.52","2,636.75","2,508.20","4,239.25","10,304.65","6,078.55",,"15,502.22",,"31,953.00",,,"6,194.06","8,397.63","5,080.96","5,817.53",840.575,,,"3,959.84",863.024,"7,550.93","25,385.35","28,716.60","19,598.51","2,642.30",,"30,420.76","2,608.54","24,122.07","6,064.16","6,633.80",,"1,761.09","6,566.41","4,192.44","4,081.36","16,948.01","16,156.83","30,139.32","1,210.46","2,852.22","11,328.64",,"20,334.15","18,780.87","29,816.91","7,957.10","22,330.96","9,578.84",,"3,597.72","2,335.82","5,486.84",,"60,817.66",,"1,527.30",,"18,803.46","1,195.43",,"99,828.95",,"42,909.99",,"2,335.30","1,093.28","7,506.77","4,669.32","1,436.62","15,638.25",,,"4,860.63","15,382.36",,,,,"3,368.25",510.643,,,,"1,266.90","30,848.89","24,430.25",,"1,564.30",,,"33,292.39","15,596.60","2,053.04",,"11,318.97","2,739.08","8,374.04","7,471.39","4,604.13","12,374.27","16,489.86","16,801.89","140,771.71","13,451.81",,"1,050.32",,,"4,106.11","87,256.15","2,565.01",,"11,018.88","2,209.02","22,431.71",,,"2,466.40",,,,"21,052.81","2,663.11","7,133.85","6,238.45","4,427.61","2,951.30",,"27,261.18","48,505.59",,"8,277.16",,"1,271.07","3,914.63",,"2,389.26","1,844.24","15,104.17","4,810.83","9,122.79",,,"1,041.00",,"171,616.05","23,290.08","32,015.61","11,099.98",,"2,407.69","20,269.45","1,437.14",,,"2,957.21",
1981,,"5,757.86","9,148.86",,"3,021.10","8,408.07","16,941.52",,,"27,106.61","31,257.22",,"32,415.29","44,474.09","1,396.83","12,910.46",,"29,428.07","3,021.16","2,526.44","1,486.03","5,585.80",,"4,805.39","10,652.22",,"14,980.72",979.878,993.03,"2,069.41",,"3,495.63","31,003.55","1,379.28",781.115,"8,863.08",698.221,"7,174.00","2,713.08","2,451.01","4,219.75","9,773.99","6,150.86",,"15,776.67",,"31,730.72",,"5,252.27","6,314.59","8,481.71","5,049.20","5,423.00",840.552,,,"4,110.91",842.7,"7,813.62","25,625.23","28,872.25","18,409.57","2,251.66",,"30,397.04","2,451.75","23,461.20","6,040.48","6,510.96",,"1,716.28","6,590.00","4,161.48","4,054.96","18,077.30","16,626.18","31,098.78","1,253.68","3,009.62","9,969.65",,"20,588.31","19,528.03","29,934.72","8,162.55","23,102.06","10,657.52",,"3,610.49","2,295.85","5,793.32",,"47,175.17",,"1,728.37",,"18,867.68","1,200.50",,"76,308.61",,"43,122.16",,"2,050.87","1,007.56","7,834.30","4,847.45","1,371.36","15,920.80",,,"5,070.85","16,282.50",,,,,"3,191.92",523.444,,,,"1,341.36","30,436.46","25,021.88",,"1,510.06",,,"33,703.24","16,858.22","2,117.86",,"12,067.12","2,697.65","8,876.15","7,686.12","4,644.47","11,037.57","16,923.35","16,842.61","124,882.64","13,385.47",,"1,038.06",,,"3,609.60","84,712.08","2,623.43",,"10,463.67","2,196.61","23,691.13",,,"2,342.00",,,,"20,769.73","2,768.08","7,365.28","6,468.80","4,559.72","3,046.50",,"28,481.52","49,044.66",,"8,705.05",,"1,238.51","4,064.33",,"2,232.73","2,091.13","15,548.40","4,937.39","9,306.73",,,"1,049.17",,"170,218.77","23,117.34","32,500.62","11,233.69",,"2,428.57","19,413.76","1,489.40",,,"3,052.88",
1982,,"5,800.94","9,431.54",,"2,943.24","8,498.39","16,135.87",,,"26,680.61","31,813.60",,"33,670.75","45,665.91","1,404.43","12,241.03",,"29,629.55","2,741.96","2,492.36","1,567.15","5,256.07",,"5,369.87","10,484.55",,"15,565.16",969.57,954.59,"2,089.32",,"3,657.09","29,658.32","1,297.31",804.74,"7,535.65",749.217,"7,086.52","2,756.09","2,361.92","4,192.05","8,798.19","5,933.35",,"16,580.51",,"32,928.98",,"5,488.81","6,275.55","8,346.59","5,273.47","5,041.45",798.301,,,"4,052.55",827.19,"7,531.13","26,282.60","29,397.04","18,751.88","2,622.08",,"30,179.00","2,194.96","23,060.42","6,118.28","6,124.62",,"1,751.58","6,008.30","3,973.79","3,878.31","18,316.23","17,115.73","31,378.16","1,267.40","3,017.58","10,850.83",,"20,676.25","19,456.95","29,957.58","8,273.22","23,700.45","10,784.38",,"3,659.94","2,215.06","6,180.13",,"40,838.11",,"1,769.12",,"11,872.26","1,235.39",,"73,977.31",,"43,534.65",,"1,960.15","1,006.83","8,093.10","5,050.52","1,188.63","15,841.68",,,"5,284.60","15,808.53",,,,,"3,409.90",476.263,,,,"1,360.11","29,883.53","25,542.69",,"1,491.15",,,"33,655.96","18,797.05","2,212.57",,"12,415.51","2,658.88","8,497.61","7,477.33","4,695.05","10,406.99","17,184.07","16,189.93","106,442.19","13,841.78",,975.956,,,"3,641.04","63,950.88","2,751.53",,"10,186.83","2,189.81","24,284.24",,,"2,227.97",,,,"20,915.03","2,876.73","7,855.15","6,520.52","4,639.51","3,082.51",,"28,863.85","48,050.96",,"8,965.21",,"1,207.87","4,201.08",,"2,073.97","2,346.18","15,879.24","4,796.78","9,408.98",,,"1,101.63",,"148,530.65","23,601.13","31,610.56","10,118.85",,"2,396.12","19,352.15","1,579.65",,,"2,871.77",
1983,,"5,741.68","9,624.92",,"2,988.61","9,084.99","16,504.37",,,"26,220.51","32,802.37",,"35,157.68","47,248.85","1,431.47","12,269.52",,"29,711.61","2,829.09","2,365.58","1,644.33","4,940.48",,"5,737.49","9,912.99",,"15,992.00",934.1,961.871,"2,242.31",,"3,803.28","30,125.96","1,189.86",908.766,"7,208.61",819.221,"7,045.92","2,776.10","2,318.71","4,163.81","8,793.06","5,505.09",,"17,235.46",,"33,800.86",,"5,649.44","6,413.90","7,892.21","5,589.06","5,088.53",774.656,,,"3,913.09",864.751,"7,035.15","26,937.69","29,609.35","18,715.31","2,862.08",,"30,755.45","2,009.27","22,664.79","6,129.81","5,821.14",,"1,657.23","5,333.23","3,845.07","3,726.91","19,091.24","17,277.05","30,265.82","1,328.59","3,083.16","11,881.54",,"20,384.84","19,544.95","30,213.85","8,447.72","24,366.79","10,373.41",,"3,590.76","2,206.39","6,904.25",,"41,089.60",,"1,776.42",,"14,479.95","1,240.20",,"67,649.30",,"44,355.94",,"1,927.28","1,015.67","8,390.06","5,087.35","1,201.44","15,669.61",,,"5,256.32","14,900.75",,,,,"3,312.30",393.422,,,,"1,289.28","30,294.98","25,269.39",,"1,385.37",,,"34,892.81","20,237.92","2,296.79",,"11,586.91","2,689.75","7,999.49","6,620.44","4,665.47","10,835.76","17,270.74","16,121.45","94,051.68","14,613.14",,997.126,,,"3,418.94","51,127.19","2,531.47",,"10,136.33","2,105.90","26,021.50",,,"2,240.89",,,,"21,161.36","2,937.80","7,733.62","6,697.50","4,752.53","2,952.46",,"29,446.98","48,044.32",,"9,631.23",,"1,199.09","4,354.39",,"1,894.66","2,455.99","14,017.70","4,904.38","9,637.19",,,"1,120.66",,"136,081.08","24,580.69","32,760.58","9,724.25",,"2,409.47","16,965.93","1,660.20",,,"2,752.53",
1984,,"5,734.58","9,847.60",,"3,086.33","10,172.42","16,552.43",,,"27,539.77","32,907.66",,"35,215.40","47,622.14","1,452.91","12,677.60",,"30,459.84","3,065.93","2,302.53","1,726.87","4,829.75",,"5,893.64","10,221.08",,"16,698.20",925.061,935.937,"2,278.44",,"3,980.40","31,605.57","1,277.15",932.367,"7,514.00",931.543,"7,130.70","2,863.28","2,353.38","4,135.07","9,229.79","5,248.26",,"18,506.00",,"35,240.73",,"5,907.78","6,341.69","8,004.93","5,874.27","5,124.84",727.844,,,"3,881.91",817.929,"7,583.18","27,642.58","29,971.43","19,209.74","2,540.10",,"31,752.84","2,055.55","23,000.28","6,214.02","5,704.67",,"1,712.42","5,473.24","3,784.63","3,771.91","20,687.97","17,788.43","31,135.00","1,348.04","3,252.40","10,304.87",,"20,889.02","19,722.39","31,122.96","8,508.78","25,298.50","10,508.02",,"3,527.28","2,215.15","7,539.15",,"42,323.66",,"1,840.82",,"20,793.76","1,318.08",,"59,460.03",,"46,415.69",,"1,910.33","1,033.77","8,821.06","5,767.90","1,204.98","15,923.07",,,"5,450.00","15,059.33",,,,,"3,375.92",362.134,,,,"1,381.85","31,120.20","26,733.32",,"1,114.30",,,"36,902.09","21,515.00","2,323.17",,"11,633.17","2,605.93","7,985.64","6,713.69","4,219.23","10,703.46","17,025.20","17,142.05","102,271.03","15,427.19",,"1,099.77",,,"3,133.59","46,420.76","2,550.64",,"10,510.36","2,129.49","27,779.33",,,"2,175.25",,,,"21,435.24","3,102.01","8,529.08","7,133.54","4,967.98","2,661.94",,"30,682.80","49,449.20",,"10,444.18",,"1,202.77","4,522.19",,"1,933.36","3,502.02","13,016.97","5,125.92","10,072.02",,,"1,052.93",,"131,287.20","25,090.62","34,824.91","9,556.90",,"2,558.98","17,364.69","1,765.82",,,"2,624.52",
1985,,"5,533.62","9,918.93",,"2,834.76","11,136.41","15,143.02",,,"28,634.62","33,623.19",,"36,185.20","45,608.11","1,468.33","12,780.44",,"30,948.22","2,940.60","2,325.24","1,752.03","4,651.68",,"6,121.32","10,802.57","88,095.96","16,986.58","1,003.39","1,016.44","2,423.66",,"4,191.33","32,799.61","1,289.56",978.779,"7,544.39","1,042.39","7,402.36","2,854.63","2,288.77","4,105.86","9,023.83","5,234.61",,"19,158.60",,"36,659.28",,"6,013.36","6,059.92","8,139.87","6,133.13","5,115.55",774.124,,,"3,815.06",701.508,"7,184.06","28,480.52","30,308.76","19,886.41","2,529.34",,"32,529.23","2,139.79","23,465.67","6,488.53","5,528.57",,"1,749.31","5,527.36","3,745.71","3,811.70","20,572.58","17,813.12","31,867.51","1,387.17","3,313.92","9,712.74",,"21,229.66","20,240.57","31,925.63","8,306.22","26,457.11","9,970.11",,"3,553.16","2,053.53","8,050.48",,"38,138.02",,"1,954.87",,"25,710.80","1,330.37",,"60,153.44",,"48,919.52",,"1,880.77","1,034.29","8,470.57","6,312.84","1,219.85","16,167.32",,,"5,777.36","15,050.46",,,,,"3,506.08",362.08,,,,"1,433.72","31,815.93","26,797.51",,"1,161.76",,,"38,826.45","24,639.73","2,458.17",,"11,938.23","2,634.32","8,053.64","6,698.80","3,816.52","11,034.03","17,256.53","17,328.07","84,207.49","15,342.18",,"1,110.38",,,"3,335.96","39,878.33","2,557.42",,"11,498.63","1,947.12","27,568.61",,,"2,044.08",,,,"21,864.39","3,224.07","9,138.84","7,907.78","5,143.74","2,573.29",,"31,338.31","51,088.58",,"10,807.62",,"1,220.18","4,647.38",,"1,936.09","3,717.59","12,318.51","5,243.45","10,282.99",,,987.651,,"121,484.91","26,058.28","35,956.24","9,636.65",,"2,488.86","17,040.02","1,829.44",,,"2,578.90",
1986,,"5,731.62","9,638.59",,"2,835.94","12,635.22","16,019.23",,"20,697.36","28,902.64","34,374.22",,"36,496.76","44,267.01","1,487.13","13,389.76",,"31,508.58","3,065.98","2,315.01","1,832.77","4,439.28",,"6,412.63","11,386.78","83,983.63","17,892.49","1,055.52","1,019.60","2,441.91",,"4,355.83","33,176.33","1,336.31","1,007.16","7,827.33","1,114.56","7,674.26","2,826.06","2,320.24","4,076.22","9,245.16","5,278.55",,"19,612.98",,"38,416.91",,"6,461.95","6,122.87","8,178.53","6,262.74","5,073.53",721.643,,,"4,343.67",745.194,"7,587.75","29,156.18","30,848.73","19,049.70","2,487.40",,"33,292.66","2,221.56","23,516.28","6,949.96","5,395.79",,"1,696.20","5,557.53","3,689.33","3,727.42","22,588.78","18,153.24","33,642.44","1,421.51","3,483.29","8,503.04",,"21,316.04","20,638.42","32,785.26","8,808.47","27,192.00","10,112.56",,"3,683.07","2,022.67","8,873.67",,"39,104.38",,"1,993.11",,"23,889.34","1,350.73",,"51,328.41",,"53,554.88",,"1,864.72",977.139,"8,339.50","6,602.91","1,271.66","16,343.07",,,"6,291.90","14,275.53",,,,,"3,709.44",352.532,,,,"1,466.02","32,639.73","27,036.63",,"1,196.70",,,"40,252.52","23,595.13","2,545.66",,"12,096.12","2,725.95","7,826.47","7,341.61","3,853.18","11,349.40","17,813.22","18,557.26","83,146.68","15,627.89",,"1,132.48",,,"3,058.82","44,438.77","2,558.91",,"11,514.24","1,907.08","27,965.23",,,"1,981.08",,,,"22,549.56","3,329.13","10,022.29","8,910.99","5,384.59","2,751.86",,"32,179.41","51,772.51",,"11,931.17",,"1,262.07","4,816.32",,"1,933.80","4,066.14","11,782.81","4,973.82","10,778.57",,,962.454,,"93,990.05","26,817.57","36,864.55","10,431.18",,"2,413.65","17,859.47","1,853.30",,,"2,546.29",
1987,,"5,573.34","9,325.70",,"2,878.17","13,710.36","16,239.41",,"24,298.02","29,843.59","34,905.29",,"37,216.21","42,219.68","1,490.99","13,691.23",,"32,216.24","3,644.49","2,198.77","2,128.74","4,455.63",,"7,106.70","11,572.04","81,542.66","18,758.52","1,025.94","1,045.08","2,494.87",973.046,"4,143.96","34,095.46","1,308.77","1,011.96","8,199.10","1,224.55","7,920.38","2,797.80","2,306.11","4,046.18","9,418.95","5,056.18",,"20,785.30",,"38,450.54",,"6,894.34","6,580.45","7,499.40","6,389.95","5,138.79",726.33,,,"4,575.54",821.762,"7,013.95","30,102.08","31,505.47","15,769.13","2,456.58",,"33,775.76","2,316.03","22,902.19","7,638.34","5,449.80",,"1,756.93","5,601.22","3,608.20","3,837.10","25,388.36","18,979.69","36,225.28","1,445.95","3,640.26","8,545.28",,"22,055.37","21,828.35","33,792.77","9,418.20","28,341.81","10,001.34",,"3,760.68","1,981.43","9,904.67",,"40,062.69",,"1,919.33",,"27,811.76","1,317.88",,"41,985.89",,"55,310.43",,"1,833.20",933.998,"8,565.57","7,006.18","1,283.36","17,152.51",,,"6,879.70","14,219.47",,,,,"3,531.34",405.056,,,,"1,458.45","33,048.70","27,450.88",,"1,160.62",,,"40,721.38","21,320.62","2,623.89",,"11,624.18","2,843.04","7,894.72","7,734.55","3,921.29","11,551.59","19,177.93","19,270.14","80,493.85","15,663.70",,"1,091.09",,,"2,887.65","39,513.89","2,633.63",,"11,573.62","1,910.75","30,522.37",,,"2,087.76",,,,"23,781.36","3,344.20","10,941.77","9,130.89","5,383.86","2,849.88",,"33,113.43","52,271.34",,"13,305.24",,"1,297.26","5,180.35",,"1,826.72","4,124.49","11,140.34","5,195.99","11,633.68",,,965.181,,"95,016.16","28,203.97","37,800.81","11,195.77",,"2,310.55","18,258.63","1,858.44",,,"2,509.08",
1988,,"5,392.61","8,882.79",,"2,974.02","14,643.36","15,729.40",,"28,664.21","30,567.66","35,195.95",,"37,278.83","43,179.68","1,487.49","14,120.22",,"33,700.42","3,961.31","2,202.75","2,373.93","4,491.51",,"8,461.88","11,390.94","78,691.08","19,260.13","1,057.31","1,066.41","2,589.73","1,036.53","3,709.29","35,128.55","1,305.31","1,053.88","8,648.06","1,340.53","8,073.21","2,848.44","2,242.81","4,784.90","9,483.90","5,066.56",,"22,280.46",,"38,414.06",,"7,460.08","6,565.76","8,075.31","6,511.71","5,162.70",723.094,,,"4,713.54",800.245,"7,248.41","31,587.56","32,776.68","15,969.71","2,400.23",,"34,825.39","2,409.64","23,811.38","7,965.18","5,522.14",,"1,756.28","5,313.76","3,585.79","3,897.04","27,275.84","19,049.04","35,695.11","1,551.49","3,818.83","7,548.30",,"22,818.25","22,235.76","35,145.04","8,989.17","30,137.03","9,818.09",,"3,854.82","2,109.65","10,983.94",,"34,234.72",,"1,826.57",,"19,841.98","1,382.38",,"40,035.28",,"59,478.20",,"1,840.89",907.246,"9,188.88","7,424.23","1,266.64","18,196.87",,,"7,296.52","14,111.82",,,,,"3,812.00",439.245,,,,"1,536.09","34,329.53","27,350.73",,"1,202.28",,,"40,401.85","22,438.91","2,721.52",,"9,857.41","2,840.95","8,101.94","6,853.98","4,093.37","11,919.73","20,223.04","20,306.64","80,993.54","15,504.02",,"1,057.09",,,"2,864.00","42,563.76","2,539.92",,"12,144.69","1,909.24","33,109.35",,,"2,055.80",,,,"24,985.02","3,400.32","12,163.99","10,248.41","6,056.25","2,915.76",,"33,750.79","53,565.62",,"14,207.60",,"1,314.31","5,767.61",,"1,952.21","3,960.32","10,618.17","5,112.69","11,662.99",,,"1,007.34",,"77,533.75","29,761.99","39,023.48","11,293.16",,"2,208.73","18,972.24","1,916.31",,,"2,661.39",
1989,,"5,764.05","9,083.03",,"2,895.84","15,554.48","14,448.22",,"31,480.46","31,509.83","36,477.37",,"37,493.49","42,099.80","1,512.77","14,576.06",,"34,687.27","4,457.24","2,078.56","2,459.13","4,566.42",,"8,545.98","11,549.92","78,826.65","19,248.07","1,051.91","1,050.03","2,678.81","1,039.53","3,536.38","35,330.43","1,327.96","1,040.16","9,406.30","1,376.03","8,179.16","2,735.21","2,143.81","5,460.30","9,765.13","5,012.20",,"23,734.48",,"38,656.71",,"7,472.71","6,706.20","7,903.12","6,561.64","5,131.20",693.835,,,"4,956.37",770.92,"8,093.56","33,088.83","34,057.32","18,037.11","2,405.80",,"35,830.09","2,461.15","24,612.18","8,366.35","5,599.99",,"1,771.89","5,113.64","3,474.46","3,951.04","27,629.47","19,267.92","35,168.28","1,609.43","4,085.01","7,750.35",,"24,244.89","22,169.51","36,262.58","9,393.30","31,477.76","8,338.96",,"3,898.54","1,994.05","11,645.07",,"41,047.73",,"1,951.32",,"11,293.93","1,417.78",,"41,051.61",,"64,665.94",,"1,859.86",873.589,"9,784.54","7,908.50","1,383.31","19,301.32",,,"7,564.16","14,405.04",,,,,"3,813.55",466.044,,,,"1,565.71","35,648.94","27,185.86",,"1,176.64",,,"40,701.49","21,824.56","2,780.90",,"9,804.47","2,683.82","8,309.57","5,809.41","4,246.10","12,361.76","21,599.09","21,076.31","82,087.96","14,552.15",,963.974,,,"2,869.25","40,331.23","2,563.56",,"13,314.07","1,957.66","35,417.61",,,"2,084.80",,,,"26,183.14","3,442.08","12,957.00","10,975.40","6,222.51","2,883.93",,"34,370.93","55,510.12",,"15,291.83",,"1,322.85","6,368.72",,"1,976.40","3,983.97","10,454.45","5,151.75","11,485.36",,,"1,033.25",,"86,354.94","30,443.07","40,077.19","11,354.74",,"2,227.24","15,941.90","2,025.15",,,"2,487.76",
1990,,"5,095.15","9,037.87",,"2,723.23","16,038.72","13,961.36",,"31,485.14","31,549.17","37,811.12",,"37,260.01","43,198.22","1,544.41","14,045.46","8,980.75","35,703.01","4,817.85","2,195.71","2,652.82","4,680.41",,"8,962.37","10,744.86","77,449.40","17,607.46","1,018.13","1,055.41","2,637.34","1,017.86","3,218.29","34,853.97","1,317.79","1,039.38","9,592.31","1,409.17","8,359.16","2,855.80","1,939.01","5,349.54","9,872.70","4,762.99",,"24,967.66",,"39,182.94","4,306.95","7,906.07","6,216.83","7,952.79","6,655.62","5,287.24",690.254,,,"5,262.34",765.065,"8,494.02","33,025.32","34,898.35","18,557.55","2,442.92",,"37,168.15","2,490.53","24,459.57","8,775.84","5,635.36","1,590.72","1,816.27","5,001.05","3,389.49","3,843.38","28,560.64","18,677.30","35,317.94","1,663.60","4,366.44","8,931.80",,"26,141.87","22,919.67","36,952.02","9,680.90","32,908.17","8,035.75",,"3,948.98","1,919.20","12,669.89",,"29,854.87",,"2,006.00",,"9,510.94","1,450.70",,"45,193.13",,"67,339.29",,"1,853.05",889.15,"10,222.57","7,303.36","1,489.25","20,003.98",,"4,546.82","8,050.23","14,864.31",,,"5,371.70",,"3,952.24",464.132,,"6,642.05",,"1,598.38","36,920.56","26,872.98",,"1,125.53","2,902.64",,"41,324.86","26,119.84","2,826.68",,"10,383.51","2,490.30","8,651.93","5,402.61","4,275.46","11,366.51","23,347.49","21,653.67","59,959.40","13,719.02","21,433.20",945.69,,,"2,729.37","44,244.71","2,473.69",,"14,236.62","1,959.11","37,412.33",,,"2,071.96",,,,"27,142.71","3,617.81","13,669.75","11,934.09","6,471.51","2,733.04","13,706.48","34,372.58","57,095.28",,"15,945.57",,"1,371.54","7,010.15",,"2,039.86","4,150.48","10,540.41","5,350.88","12,332.08",,,"1,061.72",,"107,627.92","30,580.23","40,382.20","11,325.93",,"2,454.14","16,424.64","2,041.06",,"3,291.39","2,397.98",
1991,,"3,690.69","8,713.17",,"2,963.39","16,254.95","15,221.16",,"32,750.51","30,857.39","38,777.15",,"35,105.09","42,418.50","1,572.34","13,451.14","8,868.63","36,214.79","5,231.76","2,212.50","2,787.90","4,826.16",,"9,245.82","10,673.59","77,715.51","15,847.24","1,081.14","1,084.64","2,612.49","1,058.17","3,004.59","33,694.31","1,277.97","1,111.38","10,145.15","1,520.40","8,383.26","2,768.79","1,718.54","5,368.00","9,866.14","4,581.18",,"24,496.96",,"39,644.89","4,003.46","8,041.45","6,168.02","8,170.49","6,657.65","5,294.02",660.344,,,"5,206.98",686.199,"8,198.47","30,931.51","35,064.36","19,078.49","2,397.70","7,788.63","38,530.68","2,548.50","24,845.60","8,888.36","5,670.10","1,545.32","1,905.68","5,317.18","3,369.78","3,856.85","29,860.55","16,458.84","34,952.29","1,647.23","4,678.69","9,656.48",,"26,421.01","22,578.29","37,450.89","9,697.70","33,898.24","7,808.63",,"3,878.46","1,894.65","13,897.22",,"27,583.57",,"2,026.34",,"12,610.26","1,498.97",,"51,069.37",,"72,177.75",,"1,686.16",944.508,"11,029.63","7,455.34","1,574.59","20,630.93",,"4,425.07","8,317.03","15,205.52",,,"4,761.00",,"4,157.10",481.897,,"6,710.62",,"1,656.33","37,528.56","25,835.51",,"1,084.89","2,814.03",,"42,358.42","26,725.85","2,907.23",,"11,121.95","2,646.54","8,408.49","5,413.18","4,159.87","10,542.63","24,189.96","22,009.33","57,997.53","11,963.62","20,296.62",878.028,,,"2,685.10","48,459.67","2,466.88",,"14,436.04","1,790.55","38,794.89",,,"2,135.24",,,,"27,754.55","3,961.28","13,919.08","11,814.69","6,564.47","2,839.03","11,640.90","33,783.13","55,917.85",,"17,108.97",,"1,354.14","7,509.65",,"1,981.26","4,369.10","10,797.85","5,449.93","12,237.75",,,"1,043.52","14,495.74","105,170.21","30,137.07","39,806.05","11,658.90",,"2,481.08","17,598.57","2,120.26",,"3,339.91","2,311.22",
1992,,"3,445.79","8,640.97",,"3,205.14","16,178.34","16,562.77","2,869.12","33,496.20","31,326.53","39,142.25","6,014.74","33,184.81","44,699.05","1,611.44","12,640.45","7,999.97","36,640.62","5,715.38","2,200.05","2,883.71","4,805.31",,"8,966.10","10,451.81","79,367.16","14,663.55","1,054.86","1,065.24","2,628.34","1,093.60","2,826.81","33,593.09","1,186.70","1,102.22","11,015.90","1,717.49","8,576.68","2,909.74","1,479.99","5,456.02","10,539.02","4,396.60","13,976.75","26,102.13",,"40,299.05","3,972.24","8,204.01","6,736.66","8,278.71","6,542.17","5,588.16",850.246,"1,199.71",,"5,252.46",604.155,"8,629.45","29,730.87","35,416.31","17,929.29","2,344.10","4,280.47","39,013.34","2,599.88","24,790.82","8,752.70","5,793.30","1,505.25","1,921.06","5,728.09","3,230.69","3,960.30","31,332.80","15,953.75","33,270.99","1,703.08","4,902.57","9,717.46",,"27,145.02","23,357.19","37,702.45","9,892.88","34,065.15","8,366.89","10,888.58","3,721.80","1,892.35","14,606.09",,"48,294.70","3,975.38","2,106.53","9,959.35","12,515.54","1,531.73",,"48,570.23",,"72,498.39",,"1,656.34",864.768,"11,682.02","7,719.86","1,516.68","22,061.59",,"4,381.38","8,742.90","15,462.02",,"8,398.39","4,241.32",,"3,995.13",436.719,,"7,068.00",,"1,678.29","37,825.80","25,742.29",,"1,070.18","2,804.15","10,277.92","43,615.29","27,987.47","3,000.36",,"11,782.14","2,791.99","8,380.11","5,280.15","4,081.68","10,728.93","24,966.53","22,858.01","63,457.69","10,956.88","17,320.61",935.356,,,"2,626.19","47,415.74","2,430.55",,"15,400.70","1,618.18","40,146.36",,"18,984.77","2,339.22",,,,"27,898.43","3,793.59","14,226.71","12,553.27","7,031.94","2,909.71","11,952.54","33,282.70","55,092.23",,"18,355.47","2,034.68","1,316.35","8,120.70",,"1,877.44","4,182.20","11,814.84","5,759.45","12,758.21","5,910.87",,"1,069.87","13,019.82","103,923.40","30,181.21","40,664.92","12,508.59","3,099.39","2,495.62","18,235.91","2,264.06",,"3,442.86","2,290.37",
1993,,"3,799.70","8,263.33",,"3,453.13","16,656.01","17,340.00","2,524.43","33,659.97","32,250.83","38,931.14","4,608.01","32,717.78","46,848.98","1,645.06","12,697.74","7,375.37","36,121.23","5,896.28","2,248.34","3,027.37","4,871.24",,"9,072.51","10,766.10","77,772.64","13,110.50","1,062.20","1,000.54","2,753.64","1,098.26","2,657.43","34,092.99","1,144.58","1,045.29","11,571.28","1,933.65","8,896.63","2,920.58","1,231.77","5,392.97","10,998.45","3,994.13","13,152.39","25,646.63",,"40,158.25","3,683.39","8,380.69","7,101.83","8,264.42","6,525.59","5,833.35",908.329,"1,365.74","12,169.50","5,308.72",662.211,"8,784.00","29,382.26","35,058.47","18,195.77","2,299.33","3,095.13","38,419.38","2,659.45","24,245.18","8,487.76","5,851.56","1,492.19","1,921.31","6,182.38","3,009.67","4,090.25","32,663.29","15,875.02","33,366.39","1,749.17","5,206.26","9,697.16",,"27,620.86","23,613.80","37,355.84","10,028.46","33,779.34","8,173.68","9,973.62","3,610.27","1,885.20","15,452.84",,"62,615.69","3,400.76","2,168.39","8,850.54","12,690.29","1,553.03",,"45,717.38",,"74,481.01",,"1,641.21",943.005,"12,488.30","7,920.93","1,532.57","22,702.64",,"4,511.66","9,078.94","15,610.23",,"8,319.17","4,069.07",,"3,895.08",464.019,,"6,729.59",,"1,695.93","38,027.36","26,780.43",,"1,037.63","2,777.73","9,461.11","44,590.93","28,714.79","2,985.61",,"12,167.57","3,084.78","8,617.90","5,452.80","4,074.97","11,155.45","24,764.62","23,750.37","62,586.90","11,185.53","15,801.68",893.174,,,"2,624.19","45,879.72","2,391.59",,"16,184.68","1,626.08","43,630.40","12,067.92","19,614.41","2,364.65",,"10,256.75",,"27,446.47","4,034.45","14,823.72","12,540.69","7,286.04","2,903.65","11,517.76","32,475.72","54,467.93",,"19,426.16","1,796.82","1,287.99","8,745.55",,"1,538.64","4,158.77","11,670.48","5,780.06","13,563.63","5,266.60",,"1,103.84","11,204.49","100,302.57","30,863.73","41,242.87","12,764.42","2,959.82","2,465.95","17,875.12","2,404.99",,"3,411.52","2,224.10",
1994,,"4,182.47","8,009.67",,"3,704.93","17,318.92","18,118.16","2,725.45","34,586.94","33,501.36","39,634.01","3,647.88","33,170.98","47,097.89","1,682.90","12,906.27","6,520.10","37,167.57","5,737.68","2,216.51","3,137.25","4,956.93",,"8,766.20","11,163.16","78,053.03","12,780.85","1,047.22",945.837,"2,954.20","1,139.91","2,516.10","35,245.66","1,258.09","1,067.41","11,972.49","2,161.27","9,188.51","2,745.09","1,114.81","5,187.69","11,162.69","3,884.58","14,235.93","26,598.40",,"42,167.87","3,610.76","8,382.85","7,161.59","8,442.29","6,666.01","6,028.60","1,025.00","1,667.07","12,248.02","5,332.54",663.286,"9,159.76","30,408.99","35,755.45","18,411.06","2,146.82","3,007.19","39,243.51","2,687.08","24,591.16","8,547.08","5,917.28","1,473.83","1,934.72","6,678.92","2,604.11","3,924.51","33,948.32","16,366.60","34,221.22","1,829.74","5,507.48","9,414.67",,"29,152.53","24,634.05","38,116.50","10,127.30","33,980.73","8,182.83","9,325.97","3,597.17","1,891.20","16,716.07",,"55,002.92","2,715.22","2,283.49","9,187.14","13,075.94","1,589.21",,"45,699.95",,"76,216.32",,"1,591.42",840.04,"13,272.84","8,294.07","1,549.37","23,511.99",,"4,252.86","9,323.01","16,107.46",,"5,742.06","4,117.03",,"4,233.42",475.25,,"6,727.92",,"1,787.27","38,910.04","27,900.56","3,470.12","1,021.23","2,716.27","9,243.55","46,591.00","28,901.19","3,038.20",,"12,257.76","3,320.94","8,894.67","6,012.18","4,156.47","11,715.52","25,065.86","24,561.74","63,393.58","11,696.69","13,796.63",559.992,,,"2,632.05","45,030.64","2,320.05",,"15,374.96","1,690.48","46,975.56","12,744.99","20,653.97","2,484.63",,"10,339.66",,"28,011.78","4,317.79","15,430.54","12,489.93","7,202.84","2,920.55","10,584.98","33,479.15","54,680.25",,"20,703.77","1,403.90","1,267.04","9,358.71",,"1,714.01","4,252.64","12,029.51","5,874.92","12,622.22","4,245.31",,"1,150.88","8,708.54","100,588.78","31,968.79","42,386.51","13,565.46","2,751.77","2,571.14","17,071.45","2,573.83","4,035.59","3,478.29","1,871.12",
1995,,"4,582.93","8,150.67",,"3,969.80","16,127.90","17,387.03","3,008.39","34,471.24","34,022.07","40,591.21","3,153.36","33,921.45","46,756.83","1,725.94","13,120.48","5,826.44","37,941.46","5,627.95","2,274.35","3,345.68","5,087.44",,"9,150.39","11,476.90","79,787.87","12,719.52","1,077.09",854.913,"3,094.15","1,170.03","2,528.45","35,820.46","1,268.19","1,024.53","12,841.61","2,373.17","9,504.86","2,839.17","1,109.15","5,261.84","11,300.75","3,985.24","15,423.87","28,948.12","22,775.97","43,286.06","3,440.73","8,636.15","7,443.12","8,470.16","6,807.72","6,239.13","1,251.18","1,716.66","12,761.52","5,478.45",682.232,"9,324.97","31,561.74","36,435.69","18,855.41","2,151.03","3,207.43","39,769.40","2,733.52","24,997.68","8,652.81","6,037.47","1,479.20","1,968.51","6,977.93","2,807.94","3,970.11","33,918.85","16,804.12","34,015.54","1,930.93","5,862.97","9,373.41",,"31,812.54","26,295.20","39,137.71","10,288.97","34,785.81","8,372.71","8,629.08","3,648.40","1,862.96","18,139.81",,"52,212.07","2,556.69","2,383.98","9,451.78","13,431.54","1,554.52",,"39,191.74","10,652.60","76,945.90",,"1,569.04",944.28,"14,196.84","8,740.07","1,553.46","24,908.37",,"4,540.89","9,639.51","14,850.68","3,084.67","5,666.32","4,314.68",,"3,945.70",469.19,,"6,807.64",,"1,803.39","39,775.00","28,834.68","3,569.16","1,011.08","2,699.10","9,087.87","48,287.84","29,466.39","3,113.70",,"12,219.63","3,122.42","9,311.51","6,343.24","4,248.91","12,503.81","25,555.58","25,481.32","62,854.34","12,606.44","13,241.94",738.547,,,"2,635.04","44,044.86","2,396.52",,"15,224.06","1,523.06","48,851.45","13,671.81","21,497.92","2,659.17",,"10,436.33",,"29,098.30","4,541.80","15,771.88","12,462.80","7,694.24","3,293.07","11,608.38","34,713.50","54,601.43",,"21,863.83","1,215.25","1,274.37","10,017.93",,"2,000.22","4,574.55","12,441.29","5,927.70","13,321.68","3,852.63",,"1,217.67","7,710.17","99,159.00","32,685.98","43,012.38","13,286.05","2,678.06","2,531.18","17,364.32","2,773.52","4,033.38","3,526.00","1,876.24",
1996,,"5,031.15","8,310.54",,"4,286.14","16,729.18","18,130.83","3,213.80","33,552.15","35,030.91","41,508.62","3,198.56","34,756.02","47,021.61","1,774.26","13,590.46","6,008.82","38,395.49","5,566.90","2,299.23","3,517.82","5,205.62","4,581.21","9,456.83","11,395.94","80,079.72","11,819.67","1,163.12",772.302,"3,221.41","1,203.13","2,580.39","36,022.70","1,163.60","1,011.45","13,532.40","2,581.59","9,544.88","2,765.38","1,057.64","5,312.94","11,148.62","4,190.65","16,180.25","28,820.60","23,833.84","44,243.99","3,244.05","8,903.55","7,761.73","8,470.36","6,994.14","6,222.26","1,840.55","1,880.31","13,591.37","5,567.14",751.849,"9,697.29","32,603.60","36,824.60","19,062.37","2,149.07","3,675.27","40,015.88","2,794.48","25,586.03","8,968.20","6,067.66","1,496.03","1,998.05","7,502.11","2,870.20","3,996.12","34,288.14","16,844.04","35,439.01","2,037.72","6,249.16","9,812.10",,"34,467.51","27,192.14","39,633.66","10,217.03","35,797.50","8,172.02","8,781.57","3,684.15","1,852.71","19,385.58",,"49,257.11","2,695.56","2,489.46","9,816.53","13,655.48","1,644.20",,"39,475.60","11,296.31","76,992.16",,"1,553.58","1,018.37","15,218.86","9,330.85","1,622.97","25,769.46",,"4,671.37","10,074.58","15,609.96","2,982.43","5,349.01","4,347.13",,"4,371.43",506.151,,"6,815.55",,"1,855.42","40,979.48","29,541.19","3,693.72",977.451,"2,739.41","9,133.51","50,452.96","29,587.85","3,238.92",,"12,854.09","3,242.53","9,268.89","6,407.84","4,279.59","13,274.03","26,352.04","25,861.84","64,065.25","13,177.43","12,782.71",833.589,,,"2,625.27","44,123.38","2,380.42",,"16,502.25","1,143.23","50,410.28","14,590.48","22,263.42","2,627.09",,"10,683.95",,"29,734.04","5,059.69","16,516.35","12,620.12","7,777.58","3,394.11","12,755.56","35,233.87","54,574.71",,"23,033.10","1,148.47","1,297.47","10,467.46",,"1,868.62","4,563.39","13,293.44","6,236.81","14,040.15","3,527.40",,"1,256.20","7,004.43","103,086.10","33,420.30","44,118.01","13,940.55","2,671.69","2,524.48","16,965.03","2,984.44","3,853.32","3,554.69","1,940.90",
1997,,"4,509.66","8,263.39",,"4,464.00","17,159.07","19,376.36","3,354.41","34,542.22","36,274.87","42,329.64","3,449.86","35,867.93","46,873.72","1,829.33","14,181.18","6,728.35","39,745.53","5,563.74","2,358.56","3,655.84","5,357.03","5,668.81","9,989.33","11,600.78","77,015.29","10,220.53","1,202.65",762.966,"3,387.64","1,217.81","2,643.50","37,190.07","1,185.03","1,032.67","14,341.54","2,792.10","9,744.41","2,826.88",950.928,"5,131.32","11,463.63","4,318.19","16,961.12","29,138.74","23,738.38","45,477.60","3,121.16","9,097.37","8,318.83","8,698.20","7,247.89","6,354.49","4,391.11","2,029.78","15,541.35","5,612.99",751.469,"9,396.01","34,564.19","37,554.24","19,664.62","2,084.99","4,211.99","40,708.37","2,884.56","26,630.30","9,356.80","6,176.64","1,535.29","2,072.29","7,922.67","2,893.94","4,077.08","35,759.67","17,407.20","37,218.28","2,080.98","6,468.16","9,595.97",,"37,773.89","27,571.62","40,336.21","9,952.43","36,062.77","8,316.96","9,102.79","3,603.39","1,857.51","20,389.69",,"47,769.82","2,921.49","2,603.90","10,794.23","14,850.51","1,700.15",,"38,597.97","12,325.46","80,526.43",,"1,560.97","1,059.05","15,923.80","10,087.39","1,657.26","26,805.66","3,034.52","4,357.31","10,515.09","16,427.70","2,795.10","5,452.67","4,454.93",,"4,243.11",548.346,,"6,881.37",,"1,910.28","42,551.84","29,877.41","3,741.09",958.091,"2,749.19","9,227.70","52,871.40","30,746.89","3,216.05",,"13,410.41","2,959.69","9,468.88","6,707.23","4,401.75","14,203.67","27,388.98","26,897.72","79,210.40","12,445.88","12,986.21",914.87,,,"2,603.02","43,541.53","2,386.71","8,799.74","18,298.49",937.153,"52,801.50","15,322.15","23,426.23","2,531.31",,"10,780.40",,"30,802.05","5,549.08","17,535.25","12,314.54","8,070.40","3,525.74","13,448.82","36,302.90","55,644.57",,"24,182.69","1,150.50","1,310.99","10,059.38",,"1,880.39","4,526.82","14,267.49","6,503.86","14,873.72","3,079.52",,"1,273.26","6,852.28","105,960.97","34,992.84","45,532.57","14,477.03","2,723.87","2,581.24","17,681.47","3,177.76","4,176.58","3,616.22","1,960.86",
1998,,"4,938.81","8,548.84",,"4,537.30","17,492.75","19,898.28","3,599.15","34,372.96","37,585.99","43,797.56","3,621.40","36,945.63","47,868.80","1,882.10","14,656.44","7,331.22","40,437.57","5,566.15","2,380.50","3,781.16","5,517.51","6,458.79","9,853.42","11,461.36","74,653.71","10,733.48","1,254.86",785.268,"3,592.13","1,243.25","2,697.38","38,310.30","1,198.92","1,066.57","14,774.19","2,984.05","9,649.94","2,768.32",893.234,"5,454.20","11,987.24","4,416.29","17,549.45","30,512.42","23,676.73","46,310.78","3,034.68","9,439.91","8,736.93","8,848.50","7,642.00","6,465.08","5,267.62","2,059.36","16,372.33","5,704.72",700.455,"9,449.73","36,343.97","38,790.76","19,852.22","2,153.09","4,464.87","41,563.47","2,955.11","27,502.10","10,414.91","6,318.09","1,560.99","1,572.84","7,755.73","2,903.92","4,077.55","33,315.07","18,123.03","39,590.80","2,169.40","5,554.94","9,616.60",,"40,651.74","28,036.90","41,046.31","9,736.23","35,509.48","8,422.20","9,068.91","3,604.08","1,951.54","19,204.67",,"48,163.46","2,938.76","2,665.56","11,593.05","15,283.10","1,722.69",,"37,761.56","13,343.53","84,698.04",,"1,571.63","1,041.29","14,379.32","10,849.09","1,662.35","27,517.41","2,968.83","4,352.83","11,036.90","17,025.02","2,865.07","5,106.19","4,539.49",,"4,487.58",587.864,953.019,"6,887.97",,"1,926.14","44,290.60","29,708.11","3,803.37","1,016.95","2,748.47","9,493.80","53,925.86","30,973.07","3,250.66",,"14,103.49","3,020.79","9,285.82","6,571.00","4,272.78","14,903.28","28,561.19","28,403.10","84,019.08","11,905.94","12,311.12",908.291,"3,801.99",,"2,619.87","43,727.86","2,470.57","9,048.46","18,386.86",919.51,"49,917.37","15,920.89","24,219.81","2,493.82",,"10,670.22",,"32,066.16","5,430.21","17,526.46","12,891.76","8,432.24","3,739.48","13,581.39","37,839.58","57,207.95",,"24,986.05","1,187.79","1,329.63","9,180.02",,"1,779.72","4,612.17","15,403.91","6,743.83","15,117.16","3,241.51",,"1,309.76","6,780.25","97,227.15","36,190.38","47,021.53","14,977.44","2,798.32","2,545.41","17,385.75","3,309.75","4,628.11","3,714.29","1,900.73","3,090.89"
1999,,"5,610.89","8,687.56",,"4,501.24","17,703.69","19,016.97","3,737.29","34,374.85","38,817.92","45,267.01","3,995.18","38,949.04","49,408.69","1,944.39","14,651.06","7,596.74","41,782.13","5,941.33","2,411.99","3,938.49","5,435.12","7,132.06","10,602.21","11,342.66","75,136.39","9,891.39","1,309.40",771.27,"3,933.69","1,368.98","2,730.50","39,965.61","1,208.87","1,022.00","14,525.00","3,187.05","9,127.82","2,784.41",839.253,"5,125.48","12,197.34","4,374.00","17,182.94","31,678.46","24,026.62","47,508.30","3,036.23","9,472.62","9,117.25","8,306.91","7,940.52","6,551.77","6,395.43","2,034.61","16,254.80","5,818.07",724.709,"10,198.53","37,845.25","39,927.30","17,635.90","2,220.89","4,693.64","42,360.05","3,013.42","28,203.11","11,097.83","6,405.89","1,593.42","1,798.36","7,954.90","2,930.19","3,935.72","33,871.32","18,728.78","40,686.54","2,310.89","5,534.96","9,486.04",,"44,426.27","28,325.33","41,710.15","9,737.76","35,324.26","8,509.96","9,347.33","3,567.83","1,884.91","21,255.24",,"47,633.44","2,999.13","2,724.87","12,017.76","14,941.38","1,748.75",,"37,339.96","13,285.16","90,691.31",,"1,594.48","1,049.24","14,877.23","11,401.02","1,720.79","28,392.29","2,888.39","4,556.31","11,182.01","17,248.74","2,901.96","4,940.51","4,613.11",,"4,474.17",640.251,"1,018.76","6,903.10",,"1,973.79","46,206.44","30,888.10","3,991.20",979.015,"2,694.70","9,862.93","54,608.36","30,519.04","3,309.30",,"14,357.98","3,001.17","8,975.79","6,563.34","4,322.28","15,574.72","29,509.66","29,389.91","83,864.32","11,825.06","13,150.91",846.851,"3,761.11",,"2,637.40","41,073.95","2,557.79","7,978.21","18,366.74",829.514,"52,354.58","15,887.11","25,596.15","2,414.39",,"10,765.73",,"33,415.20","5,557.02","18,011.51","13,085.21","8,611.87","3,820.92","13,262.76","39,415.08","57,939.45",,"26,470.39","1,196.21","1,361.66","9,489.82",,"1,768.42","4,698.68","16,610.71","7,071.93","14,416.15","3,730.37",,"1,369.55","6,825.91","94,255.74","37,249.76","48,716.08","14,430.88","2,876.86","2,490.10","16,027.20","3,416.12","4,857.97","3,737.71","1,936.06","3,064.90"
2000,,"6,039.00","8,857.76",,"4,503.63","18,412.73","18,669.29","3,968.86","36,636.95","39,528.38","46,682.69","4,202.02","39,924.06","51,500.17","2,013.57","15,251.02","8,057.66","43,227.86","6,534.47","2,478.22","4,099.58","5,407.99","7,432.96","10,629.96","11,669.35","75,400.26","10,259.48","1,296.75",762.145,"4,134.26","1,467.86","2,750.51","41,650.36","1,143.54",976.379,"15,119.51","3,430.96","9,255.85","2,699.98",751.558,"5,588.15","12,760.62","4,174.98","18,531.14","33,197.06","25,015.95","49,137.15","2,982.87","9,693.42","9,403.75","8,274.16","8,184.93","6,577.07","12,928.33","1,740.45","17,808.19","5,865.55",775.02,"9,954.09","39,939.94","41,304.78","16,881.74","2,271.43","4,873.74","43,571.70","2,896.98","29,233.04","11,613.44","6,417.51","1,606.19","1,779.82","7,826.72","2,905.14","4,108.77","36,065.50","19,627.02","42,203.99","2,360.63","5,744.18","9,969.00",,"47,904.35","30,017.34","43,278.73","9,723.52","36,230.93","8,719.69","10,288.22","3,483.12","1,963.74","22,988.11","6,826.32","50,718.05","3,117.91","2,851.91","12,792.89","14,732.25","1,833.09","1,723.02","38,041.94","13,873.40","96,940.86",,"1,614.38","1,031.40","15,764.36","11,767.56","1,674.12","27,940.09","2,909.25","4,253.55","11,979.75","17,862.55","3,035.78","5,056.69","4,608.48","12,439.22","4,498.00",630.702,"1,130.11","7,054.73",,"2,056.79","47,832.04","32,011.14","4,072.43",932.902,"2,773.09","10,270.89","56,014.49","31,953.84","3,340.61","11,682.28","14,456.96","2,855.55","8,592.71","6,637.74","4,514.05","16,409.48","30,421.13","30,124.84","86,435.58","12,182.81","14,529.96",893.959,"3,933.45",,"2,602.58","42,345.03","2,595.11","8,624.77","18,977.75",838.145,"56,106.73","16,056.79","26,410.42","2,014.15",,"11,050.50",,"34,809.88","5,988.11","19,521.53","12,899.25","8,769.41","4,048.08","13,091.56","41,194.42","59,965.00",,"27,909.03","1,274.38","1,394.00","9,809.62","2,295.04","1,700.07","4,855.59","17,711.78","7,303.38","15,198.58","4,372.64",,"1,377.42","7,295.69","107,219.50","38,423.58","50,145.35","14,117.34","2,997.80","2,578.68","16,072.08","3,599.17","4,309.79","3,847.86","1,959.07","2,943.02"
2001,,"6,601.50","8,991.45",,"4,556.36","17,280.66","17,667.36","4,373.03","37,813.88","40,047.93","47,093.64","4,429.60","40,366.75","50,888.65","2,071.46","14,843.88","8,465.72","43,599.67","6,692.76","2,532.63","4,259.78","5,396.62","7,600.44","10,457.14","11,667.51","75,597.72","10,999.89","1,343.54",752.266,"4,302.59","1,561.62","2,795.87","41,952.43","1,152.55","1,049.71","15,440.83","3,690.64","9,291.71","2,787.59",715.678,"5,188.93","12,727.74","4,074.12","19,416.09","34,160.08","25,893.25","49,363.70","2,972.39","9,686.53","9,504.66","8,416.16","8,304.69","6,591.01","19,865.69","1,826.69","18,997.96","5,872.93",808.127,"10,071.83","40,904.53","41,843.45","16,824.04","2,327.28","5,208.27","44,273.71","2,932.60","30,270.99","11,333.72","6,420.36","1,637.02","1,825.88","7,991.12","2,847.53","4,109.77","36,166.48","20,470.70","43,229.84","2,434.89","5,869.76","9,882.84",,"49,665.45","29,345.84","44,094.48","9,762.13","36,284.71","8,983.53","11,688.53","3,526.09","1,901.03","23,919.36","7,153.91","48,801.33","3,252.26","2,940.57","13,765.51","14,738.32","1,891.69","1,707.45","36,802.53","14,900.90","98,172.83","51,474.96","1,658.94",967.482,"15,433.11","11,914.63","1,877.98","27,424.51","3,147.58","4,099.14","12,267.50","17,555.73","3,107.64","5,375.94","4,764.18","12,526.36","4,762.76",687.149,"1,256.08","7,216.07",,"2,136.33","48,568.57","32,607.45","4,108.73",964.968,"2,884.61","9,923.26","56,941.40","32,823.92","3,337.65","12,346.45","14,249.16","2,783.61","8,361.98","6,581.69","4,553.47","16,611.32","30,794.54","32,906.42","87,650.41","12,833.86","15,338.28",945.3,"4,201.50",,"2,620.78","40,830.01","2,642.69","9,070.96","18,530.52",955.123,"54,029.74","16,640.47","27,227.95","1,804.54",,"11,144.34",,"35,992.31","5,829.82","20,282.56","12,309.40","8,921.43","4,375.45","13,533.42","41,667.99","60,662.78",,"27,359.57","1,379.75","1,439.50","10,053.82","2,635.90","1,667.24","4,906.23","18,302.20","7,513.63","14,133.90","5,206.03",,"1,451.16","8,007.26","102,698.61","39,321.07","50,105.61","13,619.30","3,082.74","2,435.40","16,343.75","3,795.97","3,802.48","3,871.32","2,010.80","2,937.20"
2002,"1,442.77","6,921.70","9,355.94",,"5,028.17","17,271.92","15,591.77","5,037.01","37,198.23","41,238.69","47,635.49","4,802.08","40,861.39","48,948.39","2,132.64","14,917.61","8,944.30","44,144.67","6,860.38","2,570.79","4,532.50","5,429.63","7,976.01","10,896.89","11,869.50","75,934.02","11,722.01","1,362.28",747.541,"4,445.81","1,633.35","2,837.96","42,752.97","1,156.92","1,095.76","15,744.76","4,001.13","9,405.69","2,855.44",715.454,"5,112.25","12,936.72","3,904.65","20,518.51","35,030.41","26,379.25","49,417.48","3,011.31","9,419.19","9,800.07","8,574.25","8,401.97","6,655.52","22,813.40","1,801.20","20,413.27","6,074.32",798.888,"10,321.49","41,492.42","42,014.98","16,444.34","2,180.86","5,556.95","44,151.73","2,993.05","31,307.61","11,678.76","6,537.27","1,692.94","1,852.98","8,083.58","2,831.71","4,154.92","36,790.23","21,493.96","42,984.17","2,487.65","6,047.62","10,731.98",,"51,695.06","28,707.61","44,181.17","9,771.62","36,223.56","9,441.46","12,820.46","3,451.92","1,940.75","25,618.68","7,062.70","47,970.59","3,221.52","3,092.95","14,946.44","14,542.69","1,920.03","1,741.34","35,903.53","16,035.04","100,762.89","55,525.40","1,409.40",948.416,"15,868.02","12,435.08","1,880.46","27,898.08","3,319.18","4,037.10","12,380.84","17,308.62","3,135.23","5,810.48","4,947.45","12,714.12","4,846.34",729.29,"1,367.04","7,573.46",,"2,106.15","48,316.51","33,589.74","4,056.60",976.013,"3,223.57","10,043.62","57,410.53","31,930.29","3,373.96","12,815.68","14,283.53","2,713.03","8,208.36","6,843.88","4,625.02","16,856.28","30,862.49","33,577.33","91,006.82","13,947.70","16,141.89","1,043.47","4,413.40",,"2,633.59","38,728.21","2,580.83","9,720.84","18,410.41","1,156.04","55,634.72","17,390.27","28,126.96","1,707.74",,"11,399.41",,"36,387.12","5,999.25","20,273.40","12,264.83","9,442.91","4,522.01","13,872.73","42,432.61","60,198.62",,"28,711.62","1,477.16","1,501.20","10,583.76","2,424.74","1,686.30","5,105.71","19,525.47","7,552.32","14,864.25","5,963.49","3,646.73","1,503.45","8,505.31","99,524.48","40,006.58","50,459.40","12,677.18","3,167.41","2,257.20","14,654.61","4,011.64","3,238.11","3,899.68","2,048.77","2,718.14"
2003,"1,506.22","7,331.76","9,881.41",,"5,027.67","18,125.80","16,829.23","5,763.71","37,185.65","41,911.22","47,870.01","5,242.49","39,779.92","48,357.61","2,217.11","15,197.84","9,640.58","44,404.25","7,312.20","2,579.70","4,867.31","5,476.70","8,281.56","11,205.35","11,858.18","76,931.68","12,396.26","1,426.62",748.139,"4,695.83","1,741.45","2,889.28","43,117.35","1,112.47","1,209.51","16,217.97","4,375.73","9,652.78","2,851.00",732.537,"5,010.43","13,283.94","3,753.97","21,669.87","35,537.62","27,347.48","49,469.83","3,055.34","10,024.72","9,538.21","8,658.24","8,491.78","6,723.69","25,050.96","1,672.47","22,103.04","6,253.06",736.923,"10,331.85","42,231.21","42,075.98","16,316.14","2,257.37","6,211.13","43,857.24","3,070.79","33,038.20","12,738.89","6,551.83","1,684.50","1,809.00","8,037.04","2,884.44","4,235.63","37,699.39","22,444.68","43,616.61","2,641.28","6,247.62","11,545.33","5,155.32","52,389.54","28,514.52","44,093.03","10,093.55","36,712.20","9,612.37","13,933.66","3,453.77","1,944.03","26,288.36","7,322.85","53,484.53","3,416.94","3,234.95","16,359.10","14,095.06","1,996.66","1,215.62","39,977.91","17,873.97","101,434.12","61,132.80","1,501.27",980.701,"16,393.50","15,345.77","1,990.95","28,840.65","3,248.70","4,194.47","13,027.10","17,320.65","3,194.29","6,212.65","5,248.80","12,978.77","5,067.73",756.593,"1,534.69","7,708.45",,"2,158.23","48,131.74","34,350.88","4,075.61",961.21,"3,441.45","10,242.92","57,608.44","30,566.14","3,447.21","12,258.92","14,600.28","2,888.58","8,411.39","7,033.14","4,762.98","17,456.79","30,460.71","34,341.88","90,264.58","14,384.65","17,403.78","1,040.93","4,615.44",,"2,749.45","42,047.39","2,658.56","10,176.43","17,314.43","1,206.68","59,022.10","18,360.54","28,944.85","1,772.00",,"11,622.51",,"36,786.55","6,302.22","19,201.68","12,669.46","10,123.70","4,677.64","14,585.38","43,244.01","59,673.38",,"29,813.67","1,595.85","1,560.28","11,260.16","2,335.51","1,754.52","5,087.58","22,125.14","7,847.51","15,537.13","6,911.07","3,517.93","1,540.51","9,388.11","102,135.35","41,147.71","51,386.13","13,004.38","3,259.94","2,300.13","13,301.81","4,265.99","3,592.49","3,920.95","2,136.22","2,275.51"
2004,"1,459.35","7,768.49","10,153.14",,"5,415.88","18,966.47","18,158.06","6,388.34","39,054.94","43,162.73","48,871.10","5,672.81","39,584.62","48,013.99","2,314.84","15,364.63","10,818.21","45,810.47","7,417.52","2,614.21","5,110.02","5,604.61","8,792.73","11,305.60","12,393.26","75,148.61","13,263.20","1,447.50",753.704,"4,847.98","1,890.10","3,003.25","44,033.29","1,093.14","1,556.35","17,206.82","4,790.10","10,043.01","2,869.17",757.686,"4,878.59","13,653.14","3,703.90","21,893.98","36,849.78","28,656.47","50,656.61","3,091.56","10,337.87","9,659.02","9,208.57","8,673.45","6,750.02","31,303.00","1,622.52","23,748.46","6,421.70",802.283,"10,814.71","43,804.05","42,875.76","16,096.44","2,341.17","6,617.92","44,427.03","3,160.88","34,632.31","12,614.84","6,590.06","1,691.75","1,791.72","8,167.05","2,801.90","4,390.47","40,777.31","23,585.29","46,680.08","2,802.95","6,469.67","11,868.46","7,695.85","54,873.81","29,392.56","44,390.36","10,190.51","37,485.39","10,132.20","15,146.08","3,515.00","1,877.90","27,545.28","7,181.96","54,788.30","3,613.77","3,415.05","17,928.15","14,551.99","2,042.96","1,239.94","41,079.35","19,263.33","103,559.42","74,743.06","1,533.70","1,011.75","17,110.04","16,023.22","1,960.28","28,695.41","3,210.09","4,270.70","13,502.25","17,761.17","3,102.59","6,685.36","5,682.82","13,525.53","5,241.74",792.726,"1,757.54","8,083.17","4,450.24","2,229.21","48,888.64","35,450.78","4,206.59",929.56,"3,704.77","10,689.43","59,552.93","30,428.08","3,633.36","12,677.09","15,399.57","2,837.22","8,601.11","7,286.05","4,976.23","18,340.02","30,931.34","35,017.11","98,632.64","15,963.23","18,721.77","1,079.37","4,728.20","80,994.87","2,790.71","44,299.51","2,712.88","11,122.97","16,883.30","1,231.16","64,011.43","19,340.58","30,185.51","1,842.65",,"12,022.41",,"37,346.87","6,589.46","19,692.23","13,438.51","10,497.69","4,793.26","15,371.73","44,940.57","60,823.33",,"31,767.36","1,729.27","1,635.53","11,886.33","2,305.80","1,693.75","4,971.16","23,625.84","8,272.02","16,852.71","7,844.03","3,407.51","1,575.10","10,572.02","105,667.82","41,868.72","52,882.73","13,595.45","3,463.11","2,338.07","15,485.93","4,556.15","4,260.70","3,951.00","2,227.95","2,116.46"
2005,"1,576.70","8,239.88","10,592.15",,"6,048.38","19,978.90","19,577.84","7,338.39","37,910.69","43,887.85","49,628.58","7,174.54","40,387.79","47,510.52","2,424.46","15,920.32","11,921.31","46,652.43","7,368.99","2,581.64","5,354.27","5,750.97","9,157.86","11,600.31","12,643.12","75,692.59","14,289.87","1,527.02",783.06,"5,055.04","2,107.36","2,982.03","45,016.85","1,106.06","1,625.22","18,013.35","5,304.32","10,387.95","2,960.24",778.968,"5,198.02","13,982.47","3,672.18","22,821.86","38,102.28","30,537.76","51,710.88","3,140.33","10,413.09","10,439.47","9,576.10","8,881.87","6,900.44","32,419.37","1,601.30","26,159.65","6,746.57",880.479,"10,601.05","44,876.62","43,285.67","15,580.34","2,216.19","7,290.88","44,815.22","3,278.06","34,746.10","14,246.63","6,636.93","1,706.66","1,868.84","8,004.84","2,842.06","4,546.25","43,533.21","24,632.42","49,031.61","3,015.19","6,741.81","12,062.60","7,623.70","56,638.06","30,081.16","44,420.04","10,244.89","38,156.34","10,641.67","16,457.49","3,615.21","1,935.39","28,671.23","7,363.06","55,519.37","3,563.33","3,595.23","20,087.40","14,250.35","2,104.92","1,278.42","45,297.92","21,093.65","105,392.74","77,169.62","1,559.88","1,024.18","17,573.53","13,717.33","2,023.15","29,459.98","3,238.93","4,510.67","13,617.51","17,930.84","3,175.14","7,207.78","5,982.98","14,072.96","5,344.57",821.345,"1,983.66","8,313.37","4,490.85","2,277.63","49,743.93","36,152.04","4,299.83",961.23,"3,863.21","11,170.72","60,686.36","30,615.44","3,884.10","12,995.58","16,198.69","2,889.13","8,635.82","7,646.36","5,122.85","18,991.50","31,115.60","34,370.83","93,270.34","16,816.80","19,993.88","1,153.75","5,010.55","82,009.15","2,915.75","45,233.74","2,758.35","12,289.29","18,320.03","1,238.40","67,125.57","20,618.43","31,313.84","1,897.39",,"12,511.38",,"38,000.09","6,944.23","21,324.48","13,228.89","10,711.38","4,945.46","15,942.97","46,039.58","62,128.90",,"33,358.05","1,807.08","1,707.17","12,304.40","2,332.43","1,573.26","4,930.13","24,895.45","8,488.50","18,141.34","8,771.74","3,238.04","1,676.35","10,981.66","101,489.29","42,775.87","54,220.91","14,473.34","3,660.82","2,406.75","16,817.62","4,855.02","4,605.63","4,043.58","2,326.07","1,942.99"
2006,"1,611.29","8,781.47","10,610.39",,"6,550.31","22,277.17","20,947.87","8,334.60","37,655.07","44,384.76","51,077.82","9,528.12","40,901.95","46,811.96","2,555.89","16,759.77","13,204.75","47,544.55","7,526.36","2,606.82","5,634.98","5,924.15","9,673.91","12,318.35","12,998.51","77,497.81","15,340.31","1,574.73",801.411,"5,444.52","2,300.14","3,002.14","45,740.72","1,138.19","1,579.44","18,958.56","5,947.03","10,954.69","2,834.33",794.429,"5,476.24","14,784.53","3,633.38","23,972.11","39,311.45","32,525.38","53,574.78","3,245.01","10,905.93","11,267.42","9,823.60","9,292.58","7,167.76","33,005.96","1,536.32","28,884.09","7,087.98",956.855,"10,729.03","46,515.48","44,107.43","14,910.30","2,137.82","8,037.17","46,617.83","3,388.02","36,593.67","13,641.27","6,849.50","1,709.53","1,877.82","8,398.21","2,845.43","4,733.55","46,145.94","25,678.76","51,031.37","3,243.99","7,012.67","12,466.99","7,856.39","57,794.98","31,255.91","45,025.68","10,504.48","38,681.72","11,156.68","18,008.30","3,727.60","1,893.20","30,022.49","7,520.81","56,098.21","3,636.32","3,853.88","22,715.77","14,285.65","2,196.22","1,339.75","47,394.62","23,021.99","108,993.78","82,535.34","1,596.75","1,042.69","18,309.68","16,997.01","2,050.10","30,025.65","3,214.79","5,507.83","14,165.94","18,477.01","3,187.88","7,572.37","6,390.77","15,265.83","5,675.95",875.915,"2,234.06","8,489.67","5,301.25","2,325.17","51,375.59","36,770.94","4,431.78",980.856,"4,016.81","11,715.30","61,609.70","31,629.53","4,034.95","12,970.35","17,260.77","2,894.17","8,900.72","8,122.48","5,294.50","20,164.75","31,564.12","34,030.14","101,382.65","18,274.16","21,680.72","1,232.00","5,084.79","84,071.61","3,097.58","44,967.85","2,750.20","12,967.89","19,629.10","1,250.05","70,915.99","22,368.61","33,017.82","1,943.71",,"13,052.68",,"38,937.11","7,419.42","21,728.53","13,879.71","11,484.13","5,134.95","16,671.32","47,839.94","64,322.90",,"35,119.30","1,893.14","1,737.11","12,837.88","2,192.81","1,572.57","4,802.15","28,293.84","8,851.59","19,159.89","9,624.78","3,238.36","1,735.10","11,888.37","91,319.91","43,629.18","55,204.98","15,041.19","3,891.80","2,551.80","18,193.57","5,145.63","4,428.61","4,046.85","2,441.40","1,845.81"
2007,"1,758.62","9,377.49","10,804.02",,"7,250.51","24,092.57","22,610.96","9,512.25","38,530.06","45,492.60","52,807.70","11,798.40","40,998.54","46,847.33","2,689.31","17,059.90","14,421.56","48,952.13","7,369.31","2,685.13","6,282.23","6,090.76","10,268.68","13,057.09","13,643.39","73,472.45","16,429.73","1,590.83",804.928,"5,877.43","2,499.60","3,064.13","46,234.50","1,162.50","1,576.68","19,684.96","6,759.28","11,558.94","2,785.56",817.07,"4,989.31","15,771.54","3,603.81","25,209.78","40,557.29","34,234.50","53,866.24","3,361.68","11,607.09","11,967.65","9,861.92","9,761.93","7,269.60","36,347.34","1,517.17","31,215.35","7,337.87","1,042.66","10,560.67","48,782.07","44,886.79","15,392.75","2,137.86","9,083.90","48,115.25","3,445.48","37,684.80","14,442.88","7,103.01","1,775.90","1,884.61","8,963.70","2,930.68","4,914.32","48,887.74","25,769.08","53,946.27","3,508.59","7,352.77","13,319.36","7,816.33","59,162.66","32,587.60","45,522.06","10,618.46","39,252.31","11,545.17","19,391.14","3,871.40","1,890.55","31,603.58","8,032.26","55,670.37","3,903.05","4,087.34","25,208.87","15,591.07","2,290.41","1,456.16","49,621.03","25,884.83","116,338.28","90,151.01","1,639.88","1,111.37","19,270.19","17,953.76","2,052.97","31,411.43","3,303.74","5,251.47","14,909.17","18,624.14","3,142.30","7,817.89","6,851.75","16,280.09","5,802.11",917.795,"2,497.73","8,791.72","4,056.40","2,375.70","53,235.95","37,670.29","4,596.06",974.39,"4,198.76","12,453.96","62,785.86","32,356.13","4,182.97","13,388.63","19,004.18","3,049.05","9,230.41","8,712.12","5,537.58","21,606.57","32,291.79","33,832.14","100,604.63","19,713.39","23,550.15","1,297.49","5,076.63","88,906.20","3,108.63","44,293.84","2,754.19","13,859.04","21,563.63","1,314.61","74,159.39","24,790.43","35,199.22","1,984.46",,"13,572.23",,"39,559.00","7,865.37","21,607.44","13,985.39","11,816.05","5,291.85","17,325.10","49,109.82","66,489.55",,"37,391.42","1,997.49","1,831.69","13,460.06","2,365.85","1,512.67","4,662.85","29,364.80","9,351.98","19,882.14","10,564.38","3,417.85","1,812.02","12,939.35","75,980.14","44,300.73","55,760.35","16,021.35","4,205.41","2,566.05","19,485.41","5,460.73","4,463.91","4,056.71","2,571.19","1,778.60"
2008,"1,781.23","10,158.46","10,824.67",,"7,825.34","23,832.04","23,297.92","10,207.27","38,939.16","45,707.28","53,409.28","12,878.90","39,579.15","46,748.23","2,805.31","17,106.50","15,959.19","48,791.58","7,427.21","2,738.19","6,886.11","6,358.72","10,866.18","13,581.19","14,190.40","69,665.08","17,506.78","1,632.95",817.097,"6,200.94","2,629.90","3,084.99","46,205.53","1,170.59","1,571.80","20,167.48","7,370.11","11,806.92","2,822.59",839.816,"5,174.59","16,279.90","3,601.80","25,698.61","41,039.48","34,851.06","53,310.08","3,509.33","12,442.41","12,211.27","10,301.95","10,237.96","7,392.84","40,889.49","1,195.96","29,692.90","7,344.23","1,141.17","10,614.95","48,946.28","44,692.43","15,086.16","2,205.12","9,364.30","48,714.44","3,671.73","37,473.77","14,541.85","7,202.24","1,801.45","1,927.04","9,116.44","2,959.38","5,011.62","49,745.20","26,096.23","53,777.17","3,592.10","7,788.87","13,186.48","8,261.36","55,620.37","33,113.48","44,708.94","10,494.35","38,791.51","11,782.47","19,516.06","3,774.66","1,811.55","32,309.53","8,078.03","56,351.40","4,165.31","4,332.95","24,559.45","17,014.07","2,360.60","1,481.76","39,938.13","26,836.20","113,042.73","91,324.58","1,700.70","1,163.50","19,835.39","19,357.93","2,080.37","32,436.15","3,052.59","5,094.63","15,655.63","18,553.79","3,089.39","8,439.95","7,261.37","17,421.14","6,068.84",958.283,"2,669.34","8,891.31","4,801.04","2,493.88","54,235.10","37,285.85","4,692.47","1,010.81","4,383.33","13,113.37","62,223.07","34,267.26","4,218.53","12,923.44","20,509.87","2,971.12","9,672.82","9,399.93","5,676.05","22,519.85","32,348.24","33,403.59","87,676.76","22,065.11","24,787.88","1,396.71","5,222.02","87,451.61","3,290.40","45,518.61","2,780.62","14,705.32","20,635.39","1,353.07","71,629.83","26,158.43","36,436.59","2,052.83",,"13,806.75",,"39,262.06","8,274.18","23,760.80","14,496.71","11,991.29","5,356.16","17,796.83","48,500.77","67,497.76",,"37,561.50","2,108.89","1,880.47","13,620.53","2,573.76","1,531.90","4,872.36","30,191.32","9,645.96","19,783.25","11,976.15","3,596.29","1,932.94","13,289.87","60,407.92","43,816.40","55,312.80","17,149.28","4,514.75","2,648.91","20,205.67","5,714.78","4,668.00","4,078.77","2,691.62","1,478.46"
2009,"2,093.42","10,570.20","10,790.17",,"7,662.65","20,757.05","21,706.68","8,792.45","34,159.06","45,734.89","51,275.73","13,860.63","37,495.25","45,010.86","2,921.60","16,171.09","16,033.04","47,422.22","7,247.92","2,724.09","7,196.82","6,465.64","10,829.45","12,298.84","14,027.78","67,424.29","17,011.77","1,631.19",821.152,"6,057.61","2,603.23","3,067.22","44,343.81","1,180.61","1,583.61","19,631.63","8,027.09","11,811.49","2,839.50",835.612,"5,635.88","15,902.11","3,624.67","23,843.47","39,172.76","32,965.44","50,367.04","3,516.69","12,305.58","12,194.67","10,173.61","10,479.53","7,208.15","39,583.93","1,317.11","25,397.99","7,405.19","1,235.52","10,416.21","44,775.96","43,217.95","14,202.63","2,283.18","9,066.28","46,100.07","3,794.95","35,752.97","13,537.82","7,090.91","1,727.11","1,930.28","9,381.35","3,082.75","4,787.86","48,296.50","24,381.88","49,048.04","3,842.12","8,040.42","13,150.05","8,332.89","52,421.40","32,706.30","42,049.40","10,100.81","36,623.68","11,773.38","19,481.00","3,796.05","1,787.18","32,398.46","8,235.46","51,716.30","4,238.22","4,575.25","21,339.45","18,567.14","2,353.26","1,497.95","38,224.64","23,109.13","105,990.50","93,699.59","1,587.57","1,225.12","19,199.82","17,662.11","2,106.40","31,826.90","3,144.01","4,967.62","16,131.72","17,308.16","3,137.61","7,942.05","6,979.37","16,376.21","6,247.77",991.323,"2,767.99","8,785.84","5,150.14","2,585.90","51,991.29","36,470.27","4,479.93",992.126,"4,624.69","13,040.22","60,445.71","35,132.03","4,145.13","12,213.19","20,407.11","3,101.87","9,495.89","9,396.93","5,658.89","23,145.38","31,308.65","32,930.52","93,993.73","21,046.77","22,833.74","1,453.20","5,157.62","77,596.69","3,291.40","43,120.10","2,780.61","14,361.08","20,326.97","1,365.22","69,585.85","24,702.19","33,319.96","2,057.27",,"13,392.68",,"37,469.07","8,507.59","22,707.91","14,712.23","11,727.84","5,075.94","18,085.78","45,977.03","65,175.58",,"36,823.40","2,143.32","1,925.56","13,458.53","2,751.70","1,573.46","4,607.71","28,594.31","9,831.37","18,558.16","12,553.85","3,350.92","2,020.21","11,327.66","56,367.17","41,718.92","53,409.24","17,797.51","4,798.69","2,671.63","19,268.25","5,964.56","4,938.18","4,109.59","2,854.27","1,573.53"
2010,"2,207.11","11,016.58","10,959.72","60,467.09","7,800.96","18,925.37","23,521.27","8,996.94","33,137.61","46,166.89","52,095.40","14,403.00","37,651.77","44,826.72","3,063.12","15,739.03","17,317.20","48,389.92","7,294.96","2,704.71","7,783.44","6,625.06","11,006.82","13,126.23","14,936.01","68,072.73","17,241.07","1,716.36",836.463,"6,080.13","2,728.46","3,086.22","45,206.13","1,211.53","1,739.94","20,552.37","8,836.40","12,208.67","2,870.75",865.684,"6,044.48","16,443.35","3,604.10","23,588.16","38,878.40","33,650.93","51,091.82","3,608.60","12,405.94","13,074.43","10,340.20","10,766.92","7,328.72","34,459.66","1,437.02","26,078.19","7,630.90","1,344.97","10,677.56","45,985.68","43,802.26","14,540.64","2,346.72","9,701.58","48,148.08","3,883.72","33,699.99","13,412.81","7,133.32","1,753.17","2,023.14","9,765.39","2,861.82","4,866.98","51,157.77","24,697.34","47,919.36","4,179.50","8,432.94","13,732.19","8,637.55","53,096.46","33,936.11","42,576.56","9,920.97","38,111.41","11,440.01","20,601.53","4,019.06","1,732.92","34,431.15","8,375.50","49,120.89","4,163.70","4,862.59","20,806.27","19,480.89","2,456.69","1,537.97","38,909.42","23,988.61","109,250.41","115,074.21","1,553.41","1,272.68","20,279.34","18,632.85","2,149.19","33,339.68","3,317.75","4,969.62","16,797.82","17,929.57","3,225.42","8,513.74","7,368.53","16,788.50","6,406.36","1,027.21","2,893.04","9,178.76","5,482.04","2,697.43","52,404.98","36,701.32","4,618.61","1,036.63","5,009.75","13,448.33","60,057.98","34,441.51","4,164.20","12,384.06","21,231.75","3,239.75","10,385.97","10,065.93","5,970.91","24,082.51","31,837.94","32,960.84","105,739.00","20,370.79","23,856.88","1,512.95","5,249.60","72,169.39","3,430.75","43,809.97","2,797.11","14,524.33","20,942.48","1,406.18","78,294.03","26,113.71","33,526.66","2,180.84",,"13,589.00",,"37,374.73","9,126.87","22,470.98","14,693.59","11,323.24","5,138.19","18,767.95","48,326.19","66,533.76",,"40,521.89","2,232.21","1,989.22","14,399.05","2,930.05","1,625.03","4,633.33","29,423.11","10,063.61","19,804.92","14,158.69","3,226.55","2,102.27","11,839.78","56,822.02","42,245.61","54,437.45","19,081.13","5,053.21","2,640.90","18,702.90","6,284.51","5,091.93","4,297.21","3,055.69","1,866.46"
2011,"2,278.49","11,327.43","11,050.57","60,911.09","7,836.71","18,362.98","24,647.63","9,414.58","33,940.92","46,743.74","53,442.50","13,999.84","37,464.16","47,228.90","3,224.92","15,575.63","18,279.55","48,490.85","7,219.45","2,707.87","8,447.25","6,860.40","11,240.31","13,724.68","15,394.31","69,441.78","18,074.86","1,775.78",844.029,"6,250.74","2,889.92","3,126.79","46,165.98","1,242.71","1,684.38","21,569.47","9,621.15","12,920.02","2,912.04",894.827,"6,027.14","16,948.67","3,342.14","24,294.71","38,076.76","34,162.84","51,533.52","3,810.64","12,378.21","13,341.20","10,968.06","10,711.91","7,575.63","35,113.41","1,781.74","28,057.35","7,746.72","1,474.70","10,913.84","46,947.79","44,565.42","15,001.76","2,091.82","10,488.00","50,038.55","4,320.04","30,268.44","13,444.64","7,291.73","1,804.23","2,139.64","10,255.49","2,959.86","4,956.40","53,187.93","25,246.35","48,677.90","4,399.89","8,792.32","13,909.38","9,056.08","53,468.55","35,160.72","42,693.06","10,035.02","38,049.96","11,144.06","21,816.32","4,128.62","1,737.32","35,426.70","8,717.37","52,172.03","4,363.93","5,169.54","22,642.30","18,709.56","2,563.71","1,606.74","13,231.46","26,018.36","109,885.58","138,693.69","1,534.94","1,297.10","21,005.00","19,895.17","2,149.84","33,417.75","3,281.58","5,046.98","17,454.77","18,325.54","3,322.48","9,011.33","8,486.77","17,306.17","6,660.26","1,073.48","3,029.00","9,503.53","6,007.93","2,786.84","52,958.92","37,092.82","4,762.06","1,020.71","5,115.75","13,746.23","59,856.17","32,141.17","4,226.98","13,182.71","23,240.43","3,106.58","10,665.36","10,582.22","6,099.13","25,201.85","31,343.85","33,224.69","116,493.49","20,857.32","25,032.04","1,601.49","5,424.20","65,243.13","3,501.61","46,809.07","2,757.08","14,932.56","22,656.71","1,461.32","81,538.37","26,847.09","33,762.43","2,280.31",,"13,804.42","2,077.08","36,932.70","9,827.54","22,587.96","15,253.70","11,264.50","6,110.87","19,543.73","49,516.52","67,087.97",,"41,897.10","2,343.93","2,084.10","14,450.48","3,045.46","1,683.35","4,926.62","29,190.08","9,759.15","21,728.07","15,832.42","3,424.97","2,190.74","12,526.09","59,819.31","42,429.61","54,890.03","19,972.45","5,224.15","2,662.52","19,201.51","6,695.71","5,443.69","3,641.58","3,129.70","2,111.01"
2012,"2,513.14","11,506.99","11,189.20","57,892.72","8,258.38","18,694.80","24,118.87","10,079.40","33,020.16","47,659.18","53,564.92","14,116.13","38,194.02","48,424.65","3,387.44","15,451.41","18,618.57","48,517.35","7,204.97","2,759.85","8,886.37","7,100.32","11,331.12","14,166.54","15,554.69","69,139.42","18,245.57","1,834.54",855.054,"6,245.69","3,068.25","3,180.77","46,482.40","1,300.41","1,771.95","22,472.93","10,299.39","13,291.84","2,925.83",926.788,"6,465.04","17,546.98","3,611.33","23,785.86","35,814.59","33,834.28","51,467.39","3,928.59","12,469.22","13,561.01","11,396.85","10,684.91","7,754.69","36,410.00","1,795.24","29,066.95","8,106.54","1,577.76","11,015.61","46,069.13","44,516.21","15,211.48","2,135.75","11,263.37","50,157.85","4,574.27","28,218.53","13,207.00","7,362.64","1,862.57","2,057.72","10,743.81","2,927.62","5,065.46","53,628.40","25,033.16","49,022.77","4,583.17","9,192.04","12,723.50","10,059.04","53,206.16","35,494.11","41,312.44","9,958.60","38,657.44","10,818.34","22,544.01","4,221.07","1,795.20","36,087.62","8,787.44","54,029.75","4,301.76","5,489.18","23,948.90","18,022.18","2,677.56","1,695.61","28,028.24","27,383.20","106,783.18","145,081.78","1,538.52","1,284.56","21,818.40","20,059.35","2,067.93","34,580.72","3,198.04","5,144.19","18,014.98","18,738.30","3,254.78","8,958.30","9,345.92","16,821.22","6,777.72","1,120.13","3,200.39","9,802.22","6,444.16","2,922.62","52,179.20","37,793.57","5,009.24","1,085.17","5,193.54","13,666.93","60,679.69","31,898.09","4,300.84","13,610.92","25,084.05","3,083.47","10,429.61","11,105.90","6,414.79","25,535.03","30,194.56","33,639.04","115,334.96","21,392.14","25,986.48","1,690.19","5,157.85","59,829.41","3,532.69","47,957.06","2,788.67","14,902.91","23,261.06","1,645.68","83,112.01","27,296.15","32,786.39","2,262.08",939.583,"13,921.30",954.343,"35,817.26","10,712.40","22,221.24","15,042.73","11,408.78","4,725.34","20,006.78","48,848.98","67,259.35",,"42,660.86","2,463.27","2,127.00","15,424.54","3,172.28","1,746.35","4,965.51","28,798.41","10,041.33","22,496.66","16,579.91","3,241.60","2,172.22","12,576.49","61,531.36","42,752.76","55,744.77","20,595.64","5,513.41","2,628.95","19,990.75","6,988.79","5,636.70","3,620.12","3,266.60","2,349.18"
2013,"2,569.34","11,643.60","11,261.62","55,672.92","8,415.10","18,301.18","24,424.14","10,388.32","34,548.22","47,903.48","53,256.78","14,747.14","36,418.53","49,246.00","3,550.66","15,183.51","18,815.51","48,468.50","7,112.19","2,876.90","9,092.63","7,467.42","11,803.80","15,597.63","15,886.78","66,898.52","18,403.22","1,883.80",870.183,"6,221.66","3,259.28","3,262.76","47,063.78",824.932,"1,812.24","23,158.73","11,034.45","13,840.95","2,976.36",972.456,"6,262.42","17,756.30","3,846.17","23,746.37","33,318.23","33,784.40","51,743.65","4,054.25","12,312.82","14,071.39","11,768.18","10,763.74","7,892.45","33,450.83","1,592.33","29,596.01","8,360.42","1,706.65","11,482.90","45,439.77","44,563.47","15,446.71","2,131.43","11,736.20","50,237.48","4,792.25","27,651.44","13,427.54","7,460.46","1,887.61","2,078.98","11,092.42","3,006.30","5,113.46","54,985.76","25,558.15","50,891.12","4,818.51","9,570.56","12,549.60","10,554.47","53,581.20","36,502.75","40,436.06","9,968.47","39,500.44","10,545.37","23,547.55","4,275.55","1,846.18","37,060.59","9,064.52","53,454.97","4,677.59","5,842.03","24,756.26","17,525.78","2,706.73","1,800.34","17,755.00","28,643.77","108,173.55","153,937.67","1,531.79","1,313.53","22,310.47","21,164.67","2,053.85","36,045.01","3,309.99","5,230.74","18,579.35","18,748.61","3,129.55","9,773.59","10,211.94","17,401.38","7,000.21","1,165.41","3,424.73","10,160.98","8,092.81","3,033.78","51,960.08","38,348.87","5,201.88","1,099.01","5,329.12","14,043.06","60,607.49","31,502.84","4,370.81","13,554.46","26,375.43","3,133.09","11,125.81","11,625.00","6,739.98","25,826.06","30,080.45","33,922.30","111,365.54","22,282.99","26,383.75","1,736.78","5,092.54","58,642.97","3,623.57","47,940.57","2,777.11","15,408.77","24,209.66","1,942.84","85,732.80","27,445.00","32,396.57","2,319.00",930.084,"14,049.39","1,194.58","35,433.70","10,990.07","23,233.74","14,571.09","11,606.29","4,670.09","20,271.89","48,973.22","67,791.50",,"43,612.48","2,586.43","2,204.25","15,767.36","3,182.53","1,804.85","5,007.27","29,246.90","10,204.79","24,074.30","16,351.78","3,374.01","2,192.98","12,611.95","63,633.82","43,414.13","56,382.99","21,465.01","5,829.29","2,581.89","19,973.02","7,298.83","5,763.35","3,684.21","3,328.48","2,329.84"
2014,"2,555.97","11,874.77","11,445.39","56,578.79","8,564.00","18,708.43","23,550.10","10,744.19","34,081.60","48,423.48","53,190.42","14,966.79","36,840.39","48,989.61","3,731.97","15,117.44","19,128.72","49,044.84","7,210.25","2,975.85","9,338.28","7,757.10","12,145.04","16,042.07","15,831.19","64,532.73","18,863.40","1,907.95",880.664,"6,184.41","3,455.68","3,362.67","47,924.29",822.636,"1,874.21","23,334.84","11,770.84","14,327.70","2,958.89","1,029.79","6,520.04","18,156.75","4,078.37","23,765.74","33,009.16","34,560.82","52,349.88","4,266.11","12,755.50","14,912.89","12,021.48","10,796.83","7,990.45","32,231.18","2,066.02","30,548.74","8,377.84","1,852.79","12,069.63","45,069.68","44,765.85","15,566.74","2,038.80","12,262.41","51,137.33","4,817.57","28,040.21","14,317.05","7,631.78","1,908.83","2,053.85","11,235.19","3,010.72","5,177.41","56,177.47","26,725.30","51,143.68","5,116.61","9,916.34","12,871.66","10,151.67","57,789.66","37,286.31","40,388.24","10,017.36","39,683.85","10,412.35","24,177.57","4,384.28","1,809.09","38,007.94","9,255.14","51,761.54","4,770.26","6,193.50","25,301.55","16,957.62","2,744.20","1,769.73","8,351.11","29,913.02","110,228.70","143,982.26","1,540.75","1,349.53","23,269.51","22,341.01","2,136.47","38,171.78","3,263.99","5,327.81","19,236.06","19,044.55","3,052.07","10,269.38","10,775.68","17,694.68","7,104.04","1,217.09","3,673.82","10,578.65","9,399.92","3,217.45","52,544.34","39,144.53","5,394.63","1,127.20","5,516.38","14,528.77","61,080.26","30,854.20","4,458.57","14,249.02","27,268.89","3,482.70","11,542.79","11,771.00","7,058.12","26,729.99","30,482.57","34,070.28","106,059.22","23,164.65","26,105.56","1,793.71","5,056.54","57,573.06","3,780.06","49,125.69","2,868.32","15,237.76","24,916.00","1,987.01","87,959.42","28,143.43","33,256.78","2,280.51",925.147,"14,033.16","1,191.75","36,030.07","11,428.11","24,731.43","14,600.76","11,735.46","4,740.23","20,012.37","49,746.20","68,572.33",,"45,553.26","2,698.69","2,283.08","15,854.13","3,264.56","1,862.61","5,135.27","28,796.46","10,376.10","24,929.24","16,786.72","3,416.94","2,253.88","12,467.83","65,323.13","44,317.53","57,258.64","22,073.38","6,127.97","2,602.74","18,928.27","7,684.58","5,622.60","3,570.15","3,379.56","2,325.10"
2015,"2,506.35","12,173.64","11,616.72","56,460.54","8,392.09","19,129.79","23,933.89","11,074.41","34,838.71","48,838.19","53,197.15","14,941.15","37,012.78","48,164.15","3,943.01","15,441.95","18,378.65","49,794.66","7,211.06","2,945.97","9,738.41","8,013.70","12,713.62","14,895.93","15,137.91","63,523.17","19,748.77","1,925.33",821.668,"6,170.77","3,660.66","3,458.69","47,853.97",852.786,"1,846.95","23,626.51","12,535.04","14,608.60","2,917.91","1,065.24","6,135.17","18,593.60","4,326.53","24,540.50","34,513.60","36,333.73","53,268.95","4,516.69","12,276.71","15,791.32","11,847.54","10,990.31","8,143.22","28,149.29","1,624.28","31,113.33","8,503.04","2,013.26","12,557.20","45,145.07","45,040.35","15,652.46","2,058.66","12,616.58","51,450.81","4,810.48","28,101.52","15,142.07","7,783.18","1,933.44","2,132.91","11,268.17","3,040.86","5,283.41","57,071.92","27,805.17","52,856.27","5,464.39","10,260.61","12,540.88","10,346.33","71,625.06","37,386.70","40,736.62","10,090.25","40,348.25","10,264.49","24,115.71","4,506.43","1,970.98","38,870.13","9,815.46","50,279.64","4,855.55","6,543.81","26,519.03","16,355.41","2,814.53","1,727.02","7,191.72","30,807.02","112,262.63","111,184.24","1,546.77","1,350.45","24,060.44","22,606.04","2,203.45","40,862.40","3,302.33","5,486.14","19,893.44","19,442.92","3,187.58","10,322.98","10,809.05","18,282.83","7,349.05","1,262.61","3,914.34","10,822.65","9,236.53","3,331.87","53,346.88","39,749.54","5,594.89","1,131.92","5,514.78","15,073.64","61,695.71","30,996.15","4,549.57","15,386.14","28,381.54","3,634.83","11,710.82","12,022.13","7,393.04","27,871.32","31,157.64","34,301.81","101,000.86","23,941.97","25,542.03","1,900.69","5,237.41","58,600.03","3,823.55","49,953.78","2,966.46","15,588.00","25,638.73","1,545.72","89,519.74","29,469.09","33,962.30","2,251.32",930.181,"14,004.89","1,154.53","37,448.75","11,890.52","24,656.76","14,433.87","11,879.69","4,686.60","19,038.95","51,432.47","68,862.25",,"46,106.21","2,798.41","2,352.07","16,285.39","3,297.89","1,919.73","5,222.83","29,053.17","10,378.12","26,095.08","16,743.48","3,722.89","2,364.55","11,292.09","67,582.15","45,007.35","58,385.72","22,069.82","6,458.15","2,553.68","17,510.85","8,133.27","5,701.39","2,495.83","3,372.89","2,327.68"
2016,"2,492.65","12,597.30","11,732.16","57,455.31","7,931.22","19,876.07","23,189.53","11,087.77","35,209.86","49,337.69","53,570.83","14,315.38","36,637.41","48,006.93","4,181.10","15,782.48","17,882.39","50,096.29","7,024.55","2,961.44","10,332.50","8,233.76","13,280.09","15,654.69","14,522.03","61,236.05","20,653.17","1,981.43",791.413,"6,381.56","3,871.96","3,524.44","47,831.31",884.431,"1,690.28","23,775.07","13,306.59","14,749.14","2,938.60","1,055.57","5,344.95","19,145.00","4,519.97","25,581.45","36,678.70","37,200.66","54,540.79","4,750.59","12,607.31","16,684.41","11,525.33","11,215.98","8,309.43","24,698.80","1,726.77","32,085.78","8,537.42","2,140.08","12,751.06","46,282.74","45,383.95","15,579.43","2,036.87","12,959.86","52,175.41","4,864.58","28,156.57","15,614.30","7,832.25","2,090.40","2,197.75","11,601.86","3,049.52","5,394.33","57,777.35","28,475.32","55,608.74","5,851.43","10,655.77","14,046.99","11,603.67","72,207.74","38,293.18","41,353.91","10,233.18","40,657.98","10,140.90","24,043.12","4,590.29","2,044.89","39,857.09","10,145.81","50,005.55","4,961.37","6,896.29","27,384.62","16,162.30","2,848.36","1,656.82","6,594.48","31,987.07","114,690.18","110,759.70","1,566.76","1,342.45","24,775.66","23,642.09","2,264.92","41,403.95","3,337.37","5,427.08","20,646.51","19,732.02","3,210.68","10,855.52","10,717.48","18,819.03","7,348.98","1,273.78","4,130.24","10,622.90","9,096.86","3,315.81","54,264.39","40,407.45","5,789.89","1,151.59","5,284.90","15,484.84","61,801.98","30,635.93","4,666.49","15,292.31","29,332.60","3,756.13","12,034.67","12,363.64","7,790.26","28,776.05","31,887.22","34,492.82","96,943.85","25,213.72","25,546.35","1,979.16","5,629.35","59,666.47","3,903.42","49,629.15","3,067.67","16,193.00","26,580.63","1,608.74","91,307.50","30,070.38","35,023.93","2,320.75",930.128,"13,886.18",970.485,"38,549.55","12,287.47","25,360.27","14,844.64","12,093.01","4,706.50","17,837.44","51,740.38","69,480.81",,"47,008.92","2,927.69","2,439.36","16,782.10","3,344.57","1,976.81","5,622.41","27,281.75","10,386.28","26,599.44","15,741.97","3,884.43","2,299.43","11,612.98","68,259.56","45,407.35","58,937.87","22,357.80","6,721.48","2,635.52","14,482.67","8,585.48","6,070.65","2,195.96","3,394.54","2,303.06"
2017,"2,515.55","13,039.70","11,644.06","56,352.20","7,675.54","20,190.63","23,597.12","11,974.03","36,971.03","49,748.46","54,390.55","14,184.79","36,821.57","47,486.02","4,450.31","15,817.71","18,334.76","50,726.55","6,969.15","3,044.52","10,851.90","8,456.07","13,836.66","15,948.03","14,596.87","60,280.82","21,533.74","2,044.39",770.707,"6,535.10","4,101.00","3,554.52","48,688.07",912.808,"1,600.06","23,720.43","14,151.79","14,763.90","2,980.06","1,059.81","4,986.53","19,711.65","4,729.65","26,775.70","38,277.37","39,031.09","55,673.46","4,912.56","12,071.43","17,301.38","11,623.72","11,158.25","8,454.05","22,449.90","1,537.45","33,903.13","8,650.85","2,321.44","13,316.59","47,621.51","46,369.70","15,302.64","2,072.65","13,595.58","53,373.76","5,148.05","28,558.30","16,217.50","7,912.49","2,249.56","2,253.42","11,964.64","3,079.71","5,557.93","59,676.48","29,801.55","56,944.80","6,183.00","11,073.52","14,402.19","10,916.39","77,779.91","39,206.06","42,111.53","10,286.74","41,408.95","10,089.53","24,699.30","4,649.98","2,035.86","41,001.07","10,486.55","46,479.26","5,094.37","7,255.17","28,547.99","16,043.03","2,752.74","1,655.36","10,708.89","33,826.61","113,905.61","120,286.60","1,586.40","1,357.06","25,897.24","24,928.29","2,315.16","44,953.77","3,433.93","5,636.44","21,415.34","19,933.50","3,291.06","11,547.40","11,083.56","19,703.46","7,581.00","1,283.66","4,332.72","10,316.89","8,341.68","3,565.20","55,509.26","40,975.98","5,995.60","1,163.64","5,190.36","15,640.30","62,782.11","29,758.24","4,817.92","14,775.34","30,510.96","3,809.45","12,433.77","12,540.71","8,199.05","30,161.55","33,086.05","34,627.22","91,742.86","27,219.98","25,999.32","2,005.48","5,664.28","59,522.01","3,975.03","48,014.59","3,203.91","16,621.47","27,711.69","1,633.73","95,350.44","30,917.61","36,680.19","2,381.01",916.435,"13,838.85",888.762,"39,626.47","12,584.10","25,340.71","15,236.05","12,201.78","4,602.32","17,879.62","52,413.09","69,851.70",,"48,500.85","3,070.05","2,527.81","17,422.95","3,145.48","2,012.24","5,813.06","26,342.58","10,467.26","28,242.49","15,631.07","4,103.84","2,383.19","11,942.82","68,504.47","45,923.36","59,885.71","22,637.31","6,897.81","2,738.97","12,321.89","9,085.61","6,025.01","2,025.84","3,407.31","2,382.49"
2018,"2,392.42","13,577.33","11,546.61","56,208.17","7,294.01","21,267.02","22,759.40","12,644.05","37,236.90","50,356.29","55,354.63","14,269.47","37,422.49","48,239.39","4,756.74","15,685.70","18,954.13","51,421.11","6,988.60","3,159.37","11,208.40","8,688.55","14,483.75","16,243.31","14,736.82","58,553.73","22,358.21","2,120.33",760.306,"6,864.15","4,363.21","3,603.55","49,186.08",933.458,"1,588.15","24,166.48","15,050.18","14,879.14","3,006.67","1,085.84","4,629.15","20,002.17","4,927.42","27,776.65","39,843.46","40,160.98","56,463.28","5,247.49","12,492.66","18,334.61","11,603.14","11,521.27","8,614.01","20,309.55","1,717.68","35,181.98","8,769.20","2,460.88","13,748.05","48,079.42","47,074.00","15,222.29","2,158.07","14,241.75","53,791.88","5,353.48","29,076.49","16,837.50","8,012.34","2,334.24","2,278.96","12,426.25","3,085.33","5,671.99","60,774.21","31,474.99","57,999.18","6,518.97","11,522.78","13,380.45","11,134.60","83,751.48","39,988.50","42,599.57","10,455.17","41,722.88","10,075.43","25,378.90","4,795.54","2,084.85","41,993.06","10,904.32","45,719.21","5,172.43","7,593.00","29,938.45","15,684.57","2,706.54","1,633.92","12,498.71","35,495.29","115,237.28","125,320.60","1,575.39","1,377.00","26,849.89","26,509.73","2,353.40","46,170.30","3,525.64","5,760.51","22,203.33","20,162.00","3,292.29","12,262.68","11,664.39","20,710.63","7,737.98","1,289.74","4,575.10","10,237.17","8,982.70","3,773.72","56,490.47","41,623.09","5,734.23","1,200.76","5,155.07","16,076.65","63,083.35","29,759.30","4,990.93","15,413.47","31,147.80","3,721.21","12,651.44","12,903.16","8,587.92","31,773.19","34,083.36","34,226.85","91,679.08","28,598.67","26,747.21","2,123.52","5,525.63","60,124.20","3,997.40","48,004.58","3,309.49","17,463.78","27,772.39","1,654.60","98,222.85","32,000.31","38,284.09","2,411.14",915.544,"13,840.85",845.389,"40,364.12","12,860.32","25,754.15","15,559.54","12,453.27","4,350.73","18,551.30","52,860.88","71,363.88",,"49,815.03","3,226.93","2,624.35","18,095.74","3,051.67","2,061.15","5,837.96","26,250.32","10,634.31","28,660.97","15,673.52","4,152.51","2,442.42","12,428.08","68,856.67","46,221.43","61,305.19","22,662.60","7,147.86","2,755.05","10,431.45","9,637.22","5,947.34","1,985.49","3,438.08","2,462.73"
2019,"2,439.68","13,881.23","11,412.23","56,331.79","7,043.65","21,944.75","22,063.90","13,637.87","36,219.60","50,542.12","56,303.44","14,501.14","37,269.26","50,118.41","5,113.78","15,444.60","19,267.04","52,078.71","6,929.95","3,283.84","11,639.56","8,757.26","14,993.05","16,386.87","14,827.29","58,555.74","23,346.14","2,178.32",751.762,"7,167.75","4,638.22","3,642.28","49,392.36",945.181,"1,587.07","23,957.26","15,893.00","15,013.55","2,978.79","1,097.95","4,496.77","20,239.65","5,101.84","28,732.05","40,522.28","41,223.23","57,409.97","5,556.25","12,922.49","19,090.48","11,440.19","11,940.25","8,795.45","18,446.49","1,761.13","36,488.52","8,878.08","2,641.01","13,611.33","48,682.99","47,832.71","15,608.06","2,225.31","14,975.81","54,234.43","5,585.90","29,662.12","16,867.71","8,156.23","2,405.89","2,330.24","13,052.24","2,989.79","5,721.95","59,480.04","32,952.69","57,989.93","6,708.12","11,976.32","12,336.98","11,483.07","86,729.41","40,710.86","42,808.50","10,544.60","41,819.77","10,103.11","26,184.87","4,918.07","2,130.46","42,850.29","11,528.63","43,993.24","5,298.56","7,826.57","30,774.61","14,549.92","2,646.90","1,553.07","14,007.05","37,133.51","115,602.31","119,835.64","1,585.15","1,411.37","27,920.57","27,893.66","2,392.47","47,051.93","3,744.52","5,961.39","22,852.14","19,927.66","3,326.00","12,946.99","12,048.93","21,559.03","7,857.90","1,281.78","4,848.56","9,987.70","9,457.32","3,972.63","57,258.26","41,916.87","5,466.61","1,224.34","5,135.49","16,593.95","63,230.51","29,410.21","5,000.79","15,351.06","31,637.97","3,858.79","12,424.93","12,783.13","8,982.57","33,284.21","34,989.23","34,735.43","91,101.14","29,961.60","27,296.92","2,268.35","5,695.46","61,649.02","4,009.05","47,031.29","3,361.46","18,254.98","28,036.58","1,709.30","98,411.58","32,760.06","39,262.17","2,378.38",915.544,"13,659.41",827.106,"40,875.30","13,070.13","26,718.42","15,452.24","12,507.27","4,134.13","18,507.19","53,402.35","71,736.65",,"51,260.91","3,399.97","2,725.39","18,453.47","3,552.60","2,121.25","5,888.07","25,827.83","10,625.59","28,515.69","14,249.69","4,710.27","2,564.78","12,902.80","70,179.96","46,630.99","62,417.55","22,660.77","7,419.93","2,768.99","7,045.25","10,131.71","5,879.79","1,960.36","3,383.31","2,270.53"
2020,"2,328.76","13,436.11","10,655.98","49,289.42","6,470.21","17,290.99","19,681.61","12,637.25","28,424.05","49,092.13","52,573.95","13,761.01","31,507.94","47,941.39","5,012.94","12,632.53","19,122.76","48,522.68","5,814.01","3,316.95","11,431.73","7,874.20","14,440.49","14,688.12","14,117.35","59,071.41","22,489.43","2,157.62",722.275,"6,036.15","4,470.18","3,495.70","46,227.63",937.55,"1,528.14","22,149.86","16,216.08","13,721.93","2,886.18","1,082.45","4,028.71","19,216.37","5,071.74","26,574.02","37,929.82","38,674.64","56,065.51","5,529.77","11,324.58","17,652.97","10,407.31","12,123.99","8,056.96","16,967.78","1,725.91","35,341.82","8,571.62","2,756.87","11,407.73","47,220.44","43,920.09","15,122.58","2,156.02","14,078.31","51,718.75","5,497.81","27,231.04","14,597.70","7,872.15","2,513.54","2,248.16","18,671.30","2,849.17","5,119.06","56,558.40","31,328.93","53,154.76","6,172.05","11,585.57","12,622.45","9,434.77","91,009.73","39,128.19","39,125.49","9,474.21","40,020.07","9,811.08","25,172.52","4,792.51","2,085.00","42,426.54","10,874.11","41,004.86","4,746.81","7,678.89","29,850.56","10,960.83","2,487.30","1,469.75","5,586.42","36,801.86","111,857.69","52,089.94","1,436.02","1,384.38","26,011.40","18,659.64","2,284.91","41,389.20","3,631.09","5,730.69","19,441.34","18,098.20","3,259.84","12,263.13","11,209.56","18,302.65","7,288.63","1,229.94","4,968.73","9,023.14","9,341.36","3,839.13","54,671.24","40,241.69","5,384.31","1,221.70","4,916.71","15,898.94","62,422.45","29,686.29","4,885.81","14,067.70","25,597.00","3,632.37","12,184.35","11,263.78","8,010.68","32,391.25","31,961.34","33,808.75","91,591.53","28,932.98","26,596.07","2,146.37","5,502.49","57,348.89","4,034.74","44,075.56","3,320.68","18,172.85","24,227.78","1,637.78","93,397.05","31,159.95","37,333.29","2,226.65",883.514,"12,599.27",750.108,"36,446.87","12,536.37","22,637.08","12,227.02","12,088.35","3,883.11","15,446.06","51,650.98","69,443.10",,"52,955.68","3,484.25","2,773.72","17,284.70","3,181.50","2,106.38","5,934.07","23,722.46","9,615.15","28,867.79","13,569.21","4,739.16","2,456.88","12,447.07","67,445.47","41,861.41","60,068.85","21,258.48","7,403.47","2,521.36","4,908.07","10,331.66","5,079.08","1,748.27","3,183.66","2,137.44"
2021,,"14,172.19","10,824.30","51,029.42","6,240.63","17,205.20","20,948.25","13,452.64","31,938.97","50,781.05","54,362.19","14,000.22","31,783.08","48,617.21","5,246.10","13,016.38","19,644.05","51,171.73","6,166.38","3,404.12","11,105.02","8,144.91","14,917.61","15,705.54","14,796.02","60,099.31","23,652.36","2,236.43",712.696,"6,203.36","4,511.43","3,532.14","48,582.28",911.216,"1,497.91","24,262.41","17,469.51","14,570.07","2,855.57","1,100.46","3,924.00","19,759.33","5,237.65","28,470.66","39,195.80","40,002.47","58,021.93","5,724.02","11,705.62","19,165.81","10,550.02","12,282.44","8,740.51","17,110.71","1,749.02","38,335.63","8,610.59","2,767.42","10,891.31","48,577.22","46,556.95","15,152.96","2,194.90","15,181.60","53,213.39","5,664.18","29,119.08","14,904.77","8,139.52","2,579.10","2,272.36","22,414.60","2,790.52","5,277.19","59,850.85","33,720.28","54,236.59","6,693.18","11,866.41","12,805.18","9,531.07","101,905.47","41,148.34","41,424.26","9,896.48","41,120.07","9,902.75","25,661.89","4,948.22","2,087.14","44,207.59","11,480.64","40,822.14","4,746.24","7,726.94","31,268.31",,"2,526.61","1,484.78","12,344.05","38,517.86","115,823.30","61,746.51","1,491.56","1,375.23","26,582.23","21,814.24","2,307.53","43,148.97","3,548.23","5,758.46","20,417.18","19,052.76","3,148.52","13,047.35","11,595.00","19,571.25","7,629.81","1,224.61","4,050.70","8,799.62","9,304.11","3,857.55","56,568.25","41,984.54","5,612.15","1,239.85","4,920.90","16,534.89","63,928.04","29,582.12","4,984.96","11,189.84","28,266.82","3,601.41","12,558.85","12,271.76","8,144.56","34,154.25","33,440.25","34,014.07","91,544.09","30,960.74","27,847.67","2,204.96","5,071.00","59,889.46","4,028.33","44,756.15","3,385.33","19,439.11","25,678.10","1,655.39","98,535.68","32,529.58","39,538.24","2,205.49",872.352,"13,030.51",767.786,"38,502.47","12,924.26","22,178.57","12,572.67","11,342.96","3,818.77","15,367.36","52,549.75","71,480.02",,"56,160.76","3,589.74","2,801.80","17,412.96","2,842.13","2,153.66","5,821.34","23,359.01","9,810.10","31,079.72","14,044.41","4,840.27","2,497.51","12,944.92","67,941.76","44,559.25","63,485.57","21,842.56","7,734.53","2,493.77","4,724.29","10,622.41","5,181.36","1,671.52","3,120.78","2,203.21"